co_curso,cpc_faixa
6,4
19,4
26,3
27,3
29,4
36,4
18354,3
22118,4
25903,3
25949,3
26025,3
41690,3
94331,3
100775,4
100777,4
101184,3
106050,3
106052,4
112846,4
116560,3
116690,3
118002,4
1103426,3
1103701,3
1103708,4
1103709,4
1103710,4
1103711,4
1103712,3
1103742,3
1168551,4
1285517,4
127,4
133,3
142,4
150,4
151,4
158,4
159,4
160,4
161,4
162,4
163,4
18032,4
26978,4
27858,4
29692,4
29693,4
33204,4
33205,4
34644,4
34983,4
34992,4
44362,4
44366,4
44369,4
44372,3
44377,4
44382,4
44418,3
52159,3
122214,4
122220,3
300118,4
300129,4
1138346,4
1192413,4
297,4
310,4
311,4
315,4
317,4
318,4
322,3
326,4
327,4
328,4
20190,4
20763,4
20768,4
20782,4
80419,3
80877,3
80886,4
80896,4
95017,4
95037,4
95050,3
95051,4
95053,3
95055,3
95057,4
95059,4
99406,4
99423,4
99425,3
99426,4
101666,4
1108064,4
379,3
380,3
381,4
382,4
396,4
397,4
398,4
402,4
403,3
407,3
27733,3
34646,3
62484,4
62486,3
62512,3
101606,3
101614,3
101639,3
101641,3
104364,4
104366,4
112086,3
112100,3
112102,3
116832,3
300403,3
1103469,2
1106983,4
1110779,3
487,4
494,4
495,3
496,3
498,3
513,4
519,3
525,4
32832,3
33221,4
56030,4
73192,4
94086,3
99714,4
99860,3
102588,3
102590,4
104018,4
116638,4
116642,3
300518,3
300520,3
1105124,3
1105133,3
1105815,3
1105825,0
1105828,3
1105897,4
592,4
593,4
594,4
595,4
18876,4
18877,5
21158,3
80779,4
112592,5
112600,4
112606,4
300592,4
300595,5
318876,4
1083188,4
1168454,3
614,4
621,4
623,4
624,3
630,4
635,4
637,4
29672,4
31302,4
45111,4
81283,4
96401,4
96403,4
99189,4
112680,4
115070,4
115076,4
115078,4
115080,4
115086,4
115088,4
115092,4
115096,4
115098,4
115100,4
115558,4
300621,4
300625,4
300635,4
399189,4
1322704,4
684,4
687,5
694,4
696,4
697,4
700,4
703,5
32834,4
32836,4
39024,4
43869,4
117492,4
118336,3
122354,4
122356,4
122358,4
122360,5
300684,4
300687,4
300700,4
339024,4
343869,4
417492,4
1114569,4
1134829,4
1135277,4
1161839,4
1190583,4
754,4
768,4
769,5
770,3
771,4
772,4
774,4
775,4
778,4
779,4
780,5
42574,4
92117,4
92157,4
92260,4
103380,4
103393,4
300771,4
300772,4
300774,4
1146843,3
1033,4
1034,4
1035,4
1036,4
1044,4
1046,4
1052,3
18390,4
18889,5
20943,5
20944,3
74364,4
74366,4
99501,4
111450,4
116066,4
1103531,4
1428,4
1429,4
1430,4
1435,4
1438,4
1444,4
1445,4
1446,4
1452,4
1453,4
1454,4
18380,4
22947,4
32844,4
102935,4
102944,4
103018,4
103020,4
103022,3
103027,4
103029,3
111378,4
111386,4
115728,4
115872,4
120439,4
301438,4
301453,4
318380,3
403022,3
411354,4
420439,4
1137717,4
5000371,4
5000372,4
2108,3
2110,3
19043,4
19044,4
20234,4
20237,4
20239,4
41324,4
41490,4
45498,3
74215,4
150309,4
150310,3
150311,3
2194,3
2197,3
2199,4
2204,4
2205,3
2206,4
2208,4
2209,3
2211,3
2212,3
2213,4
2215,4
2216,4
2217,4
2221,3
19076,4
19077,3
19078,3
19081,3
22597,4
27512,3
34669,4
35074,0
38102,4
50143,4
54044,3
58518,3
58520,4
58522,3
58524,4
58526,3
58528,2
58588,4
58590,3
59268,3
66263,3
66274,2
66299,3
66303,4
66305,3
95767,3
113824,4
114180,3
114182,3
121954,4
121962,4
302197,3
302217,3
338102,3
1378875,4
115664,3
121131,3
1159447,3
5000884,3
2388,3
2450,4
18671,3
82689,4
82795,3
82810,3
82894,3
83005,3
83034,4
83039,3
83052,3
83132,3
83137,3
83150,0
83152,3
83155,3
83156,3
83199,3
83210,3
83226,3
83231,4
83280,3
83289,3
83296,3
83302,3
83312,3
83316,4
83318,3
83328,4
83330,3
83332,3
83344,4
83353,3
83356,3
83358,3
83392,4
83394,3
83402,4
83404,3
83411,3
83415,3
83960,4
83962,3
83964,3
83966,4
83968,3
83970,3
83972,3
83974,4
84856,4
91497,3
91545,4
91649,4
91671,4
91797,4
91805,4
92385,3
92391,4
92400,2
92433,0
92444,3
103062,3
113172,5
1166897,3
1166899,3
1268525,3
1268556,4
1271848,4
1343136,3
1376204,0
2529,3
2540,4
2541,4
2545,3
53592,0
54520,3
62742,3
92200,4
113293,3
113295,4
117352,3
123124,4
123128,4
302540,4
302541,4
1147485,4
1357571,3
1363761,4
2622,3
2623,4
2626,4
21781,3
21784,4
21785,4
21788,3
21789,3
21794,2
21795,3
21796,3
21797,3
21798,3
21799,3
21801,3
21805,3
21806,4
21807,4
21808,5
21811,4
21812,3
21814,3
21815,3
21819,3
21820,3
21822,3
21824,3
21869,4
21873,2
21874,3
21875,3
21876,3
21879,2
21880,3
21884,2
21885,3
21890,3
21892,2
21895,4
21897,3
21899,3
22418,3
23051,3
25791,4
25792,4
29278,3
31234,3
32987,3
33054,3
34592,3
35095,4
39238,2
39244,4
39269,3
39300,2
39393,3
44052,2
45102,2
47331,3
47333,3
47335,3
60420,2
60428,2
60430,3
60462,2
60464,3
60520,3
64274,3
64276,3
64288,2
64302,2
99588,3
99631,2
99684,3
99765,3
99894,2
99906,3
100148,3
110926,3
120725,3
1149137,2
1349165,2
1430245,3
1430478,3
1430649,3
1431238,3
1431245,3
1457140,3
1457164,2
1458091,3
1458102,3
2700,4
2711,4
2716,3
2717,4
2722,4
2724,4
18399,5
26129,5
36013,4
41057,4
41278,4
41766,5
41848,4
41849,4
41857,5
41858,4
42148,5
47338,4
47339,4
47340,4
47345,3
47358,5
47364,3
47369,3
47370,3
47454,5
47461,4
91897,5
91899,4
91972,4
92175,4
122951,4
123065,4
123067,4
1214936,4
3130,3
3131,4
3132,4
3135,4
3144,4
3145,4
3146,4
3149,4
3150,4
3154,4
3162,4
3163,4
3166,4
3167,3
3168,3
3171,2
3172,4
3179,4
3190,4
3193,4
3197,4
3201,4
3207,4
3209,4
3211,4
3212,3
3214,4
3217,4
3218,4
3219,4
3222,3
22173,4
22178,5
22678,4
28989,4
52048,4
52056,4
52256,4
60255,5
60258,4
60290,4
60384,4
60604,4
61074,4
66981,4
66993,4
67143,4
71419,4
73449,5
82077,4
94725,4
94758,4
120416,4
303130,4
303135,4
303142,4
303144,3
303149,4
303154,4
303162,4
303167,4
303168,5
303222,4
352256,4
382077,4
420416,4
1146513,4
1150789,4
1212121,4
1212124,4
1212262,4
1212263,4
1212284,4
1257438,4
1300116,4
1300317,4
3397,4
3399,4
3400,4
3405,3
3406,4
3407,4
3408,4
3410,4
3416,4
3419,4
21624,4
21625,4
22658,4
34677,4
58184,0
99368,4
99370,3
99397,4
108090,3
122892,0
303400,4
303408,5
303410,4
321624,5
5000539,3
5000544,3
5000546,4
5000547,2
3531,2
3561,4
3563,3
3567,4
3568,4
3569,3
3571,3
3572,3
3573,4
3574,4
18405,3
18410,3
18414,4
18417,4
20933,4
25205,3
30580,3
31505,3
31506,3
32162,3
34009,3
49756,3
57606,3
64518,3
72419,3
72594,3
72598,4
100373,3
303567,3
303574,3
1147173,0
1208951,3
1215159,4
1313979,3
3601,2
3603,2
85760,2
85762,2
1178271,2
3611,2
3612,2
3613,2
3614,1
3615,2
1160932,3
3622,2
18088,2
3662,4
3664,5
3670,4
3671,5
3673,5
3674,3
3675,0
3676,4
34683,3
54172,4
64650,3
303662,4
303673,4
303674,4
1178043,4
1212035,3
4088,3
4090,3
4092,4
18584,3
19491,4
19492,3
19493,4
20530,3
29140,3
32877,3
87561,3
87582,3
87583,3
319491,3
320530,3
1146686,3
1179877,3
1179878,4
1323576,3
4194,4
4195,4
4196,4
48944,4
48946,4
48948,4
66727,4
66729,5
71816,4
96675,4
122298,3
122316,4
122330,4
304194,4
348944,4
348948,4
1174278,4
1421316,4
1421414,5
7828,3
7829,3
7830,3
7839,4
7845,3
18892,4
18894,4
64600,4
64604,3
69445,3
69626,2
69628,3
69634,3
69638,3
86244,3
86388,3
92591,3
92592,3
92595,3
92597,2
92601,3
92602,3
110846,4
110854,3
110860,3
110870,3
110876,3
110882,3
110888,3
110900,3
110996,2
307827,3
1300165,2
1300166,0
8417,4
8418,3
8422,4
8423,4
8424,4
8425,4
8426,4
8428,4
8429,3
8430,4
8439,3
45384,4
59272,3
59412,3
59426,3
59994,4
59996,4
59998,3
87396,4
95631,4
103494,4
121564,3
1257430,3
1321965,3
1342673,3
1342674,3
87481,2
87483,3
87487,2
112262,3
150186,3
94595,2
11300,4
11301,4
11302,4
11303,4
11305,3
11308,4
11310,4
11314,4
11321,4
11322,4
11324,4
11325,4
11326,4
11327,3
11328,4
11329,4
19565,4
22400,4
25785,4
28323,4
70522,3
83158,3
83160,4
111889,4
311300,4
311301,3
311303,3
311310,4
311321,3
311322,4
1438181,4
5000356,4
11426,4
11429,4
11430,5
11431,4
11432,4
11433,3
11435,4
11439,3
11443,3
11447,4
11449,4
11450,4
11452,4
11456,3
11462,3
94283,4
94286,4
103303,4
105438,3
311426,4
311429,3
311430,4
311443,3
311450,3
1268388,4
1313223,4
1313224,4
11529,3
11535,4
11539,4
11540,4
11542,3
11543,4
11544,3
11548,3
11554,4
81516,3
81520,3
99841,3
100024,2
100026,2
113703,3
115686,3
116196,3
116204,3
119046,4
119048,3
119072,3
119074,3
11590,3
11591,3
11592,3
11593,3
11594,3
11598,3
11603,3
11605,3
11613,4
11614,3
25789,3
30397,3
32097,3
82605,3
82615,0
82619,3
113953,3
113958,3
113974,3
114053,0
114055,4
114099,3
311593,4
1182640,3
1182641,3
1190071,3
1265453,3
1314244,3
1343342,3
1376137,3
11885,3
11888,3
11889,3
11893,3
11897,4
11912,4
19733,3
21611,2
25793,3
32990,3
35912,0
81294,3
81296,4
81358,3
81423,3
81640,4
81812,3
81817,3
81821,4
86360,2
86364,3
90697,3
94520,2
94821,3
95462,2
103414,3
103477,3
105052,2
105191,2
105580,3
114002,3
120604,3
121411,2
121700,2
121745,3
121746,3
121748,3
121749,3
1153298,3
1299196,3
1350689,2
1350703,2
1352592,3
1354738,3
1404068,3
1404084,3
1404086,3
1404094,2
1427035,3
1427036,3
1427038,2
1427039,2
1442003,3
1442009,2
1442010,4
1442014,3
1442016,3
1442020,3
1442024,3
1442025,3
1442027,3
1442028,3
1442030,3
1457112,3
1457113,3
1457192,3
1457193,3
1518696,3
1518703,3
1518705,4
11991,0
11992,0
11994,0
11995,0
11996,0
11999,0
12007,0
12022,0
12023,0
12025,0
12026,0
12027,0
12033,0
12035,0
12044,3
12048,3
12052,3
12061,0
12065,0
12069,0
12073,0
12074,0
12085,0
12111,4
18487,0
18491,4
21849,0
23777,0
27645,0
38276,0
60886,0
92851,0
95652,3
104598,0
104640,3
114846,0
114847,0
114850,0
114853,0
114857,0
114874,0
114875,0
114876,3
114877,3
114907,0
114950,0
115013,3
311991,0
311992,0
311994,0
311995,0
1113582,0
1180773,0
1194057,0
1300375,0
1330339,0
1330342,0
1330343,2
1330344,0
1364837,0
12313,5
12315,4
12321,4
12323,4
12324,4
12327,4
12332,4
12335,4
12350,4
12351,4
12353,4
12354,4
18395,3
20938,4
31160,4
34277,4
95667,4
110830,4
116758,4
116770,3
312321,3
312323,4
312327,4
312332,4
312333,4
312334,4
312335,4
1083431,4
1083438,3
1113220,3
1113228,3
1188193,4
12553,4
12555,4
12557,4
12558,4
12560,4
12562,4
12577,5
12581,4
12588,4
41135,3
42461,4
49472,4
49474,4
49848,5
92255,4
111326,4
116522,4
123220,4
123332,4
312555,4
312558,4
312562,4
312577,5
312578,4
312588,4
349476,4
1113241,4
1270221,4
1270226,4
1270232,4
1321684,4
1330365,4
1330366,4
1330368,4
1330369,4
1330370,3
1330371,3
1330372,4
1330373,4
1364271,4
12686,4
12688,4
12689,4
12690,4
12700,4
12702,4
12705,4
12710,4
12713,3
12717,4
25926,4
29470,4
44367,4
82799,4
100406,4
108644,4
123704,4
123729,4
312686,4
312689,4
312700,5
312705,4
344367,4
408644,4
423708,4
1077817,4
1079286,3
1100002,4
1100003,4
1122208,4
1122221,4
1123027,4
1123212,3
1145037,4
1278713,4
12806,4
12812,4
12817,4
12818,4
12819,4
12826,4
12834,4
12835,4
12837,4
12838,4
20037,4
21604,3
52472,4
99086,4
99278,4
116574,3
116576,4
116578,4
116852,4
116854,4
116856,4
116862,4
116868,4
116870,4
116874,4
116878,4
116882,4
116884,4
312812,4
312817,4
312818,3
312834,4
312838,4
1112869,4
1112889,3
1112909,4
1112914,3
1112946,3
1159854,4
1278626,4
12915,4
12916,4
12917,4
12918,4
43967,4
96152,4
96158,4
96483,4
97018,4
117114,3
117128,4
117130,4
117132,4
118120,3
118124,4
312916,4
343967,4
417114,3
417130,0
417132,4
1102636,4
1102674,4
1107032,4
12943,4
12945,4
12946,5
12949,4
12952,4
12962,4
12963,4
12965,4
12967,4
12968,4
12969,4
12973,4
12975,5
12977,4
87195,4
121496,4
312945,4
312949,4
312952,4
312962,4
312965,4
312967,4
312975,5
13086,4
13087,5
13092,4
13097,3
13098,4
13099,4
13100,4
13102,5
13105,4
13106,4
18518,4
65361,5
313086,4
313087,4
313092,4
313097,4
313099,4
313100,4
313106,4
1128364,4
1153949,4
1153951,4
1166037,4
1166038,4
1166039,4
1270439,4
1278855,4
13198,4
13209,3
13210,3
13211,3
13213,4
13216,4
13218,4
13223,4
13225,4
24864,3
29475,4
31171,4
101940,4
101942,4
102150,3
102152,3
102156,4
102166,4
104158,4
107436,4
107487,3
107508,3
107512,4
107516,3
107520,3
107522,3
1139972,3
1151147,3
1151148,3
1151166,3
1151167,3
1151779,4
1151780,3
1288838,4
1288839,3
13273,4
13274,4
13276,4
13277,4
13278,4
13283,4
13293,4
13297,4
13298,4
13300,4
13303,3
13304,3
13312,4
13318,4
13319,4
21080,4
24668,4
24868,4
26911,4
42683,0
106064,4
117052,4
117058,4
117076,4
118024,4
313274,4
313278,4
313283,4
313300,2
313303,3
1132918,4
1142650,3
13399,4
13400,3
13401,4
13402,3
13404,4
13406,4
13409,3
13415,4
13418,4
13423,4
13459,4
97039,3
97767,4
98984,3
99045,3
107352,3
107356,4
107360,4
107438,4
107548,4
107549,4
109626,4
122288,4
122924,4
313399,4
313404,4
313406,4
313409,3
397767,3
1110230,3
1161324,3
5000897,3
5000898,4
13575,4
13577,3
13579,4
13580,4
13591,4
13595,4
13598,3
13604,3
13617,4
13618,4
13619,3
20889,4
21847,3
23910,3
44947,3
44977,4
44992,4
52231,3
52249,3
80088,4
101092,4
101127,3
101140,4
118096,3
118098,4
118100,4
313577,3
313579,4
1136142,4
1155122,4
1192307,4
5000731,4
13717,4
13721,4
13729,4
13741,4
13742,5
45003,4
45004,4
45008,4
45009,4
45024,4
45025,4
45027,4
45030,4
45031,4
45038,4
45039,4
45068,4
45080,4
88652,4
96429,4
100820,4
116768,4
1278881,5
13839,4
13840,5
13873,4
13874,5
13877,4
13881,4
18881,4
41065,3
41069,3
41072,4
45328,4
46588,4
84427,4
84840,4
84985,5
84992,5
103346,4
103349,5
112656,4
117717,4
121286,4
121602,4
121614,4
121636,4
1084792,4
1106427,3
1113713,4
1113727,5
1113732,4
13967,4
13974,4
13976,4
13980,4
13982,4
13984,4
14000,4
27263,4
29489,4
33013,4
37274,4
38217,4
38239,4
38246,3
38273,4
99567,4
100021,4
100256,4
106167,4
116834,3
150099,3
313974,3
313976,4
313982,3
313984,0
337274,3
416834,3
1127191,4
1128911,4
1167971,4
1191427,4
1191555,4
1270596,4
1272079,4
1299927,4
1300429,4
14089,4
14098,4
14102,4
14110,4
14112,3
14123,4
21990,4
21992,4
44485,4
86446,4
121934,3
123429,4
314089,4
314102,3
314110,4
314112,4
314118,4
1110646,3
1111226,4
1113011,4
1113044,4
1113067,3
1113070,4
1131697,4
1295548,4
1304557,4
5001248,3
14217,4
14218,5
14221,4
14224,4
14228,4
14230,4
14231,4
14233,4
14237,3
21600,4
42696,4
51941,4
51945,4
97099,4
116526,4
116536,5
314218,4
314221,4
314228,4
314230,4
314231,2
314239,5
1116025,4
1270371,5
1270372,5
14326,4
14328,4
14332,4
14346,4
14348,4
14349,4
23976,4
29106,4
31957,4
31958,5
31959,4
44363,4
44892,4
44893,4
44900,4
45204,4
85783,4
85786,3
99287,4
107716,4
112584,3
112586,4
116842,4
120924,4
121706,3
314326,4
314346,4
314348,4
1114224,4
1114225,4
1114229,4
1114292,4
1125887,4
1125889,4
1180207,5
14505,4
14506,4
14510,4
14511,4
14512,4
14513,4
14514,4
43917,4
91975,4
101800,4
101830,3
101834,3
118382,3
118420,4
118478,4
1102627,4
1102628,4
14542,4
60006,4
85822,4
102665,4
102667,4
110144,4
112568,4
112572,4
115582,4
409604,3
1102413,4
1102800,4
1126431,4
1127676,4
1128054,4
1128169,4
1150932,3
1151549,4
1152564,4
1152636,4
1152637,4
1161562,4
1164183,4
1164656,4
1270469,4
1270472,4
1341351,4
1341352,4
1400718,4
91262,4
1117715,3
1117717,3
1270672,4
1383124,4
1383125,4
1110857,0
1111794,0
1270678,0
1270680,0
1270681,0
1272128,0
1303971,0
1305225,0
1305265,0
94115,4
101064,4
101219,4
101274,4
101278,4
101280,4
110528,5
401274,4
401276,4
401278,4
1103082,4
1103085,4
1103087,4
1105404,4
18335,4
63838,4
63840,4
101554,4
101556,4
101558,4
114417,4
114419,4
122662,4
150125,4
1102560,4
1120591,4
1314420,4
119126,4
119138,3
1178662,4
1272012,4
20122,4
64794,4
96949,4
96951,4
96953,4
96955,4
105674,4
119914,4
1108032,4
1108033,4
1108035,4
1108041,3
1112281,4
1168401,4
100816,4
100900,4
100902,4
100906,3
100916,4
1178742,4
1178743,4
1178745,3
1178746,3
1178747,3
1292614,4
96759,4
96761,4
114444,4
114552,4
114554,4
114556,4
114558,4
114560,4
114562,4
1285018,4
1285020,4
18251,4
62841,4
120385,4
120389,4
1165075,3
1165078,4
1165090,4
100808,4
116590,4
116730,0
123502,2
123519,3
1118057,3
1122742,3
1122743,4
1122746,4
1122749,4
1123044,3
1125808,3
1158358,3
1161404,3
1313285,3
1315430,3
1379275,4
21443,4
62674,4
62676,4
62682,3
113813,3
121781,4
1103310,3
1103313,3
1103315,3
1103317,3
1103319,3
1103914,3
1103919,3
1166780,3
1166783,3
1168361,3
1168581,3
1168583,3
1168588,3
1188418,3
1188419,3
1189820,3
1269545,3
1304669,3
1327336,3
112630,4
116144,4
121478,4
1106554,3
1118531,3
1126144,4
1156565,4
1166498,4
1180600,4
1258759,3
1264321,5
1270730,4
1285254,5
1304097,4
1304099,4
1304108,4
1327403,0
1327439,3
1338870,4
1370467,4
1376050,4
1427491,4
14681,2
62970,3
103569,3
109890,4
64898,3
64900,2
14985,3
14987,3
14992,3
14993,3
14997,3
15000,3
15002,3
31978,3
31979,3
101535,3
101892,3
102304,3
102306,3
102308,3
113606,3
113619,2
113735,4
113737,3
113739,3
113743,3
113783,3
122746,3
1102186,3
1102188,3
1102208,3
65614,4
15333,4
15334,3
15349,3
15352,0
19661,0
21450,4
31198,4
64854,4
113937,3
1120717,3
1142424,4
15402,3
15409,4
15410,4
15411,3
15412,4
15413,3
15415,3
18312,4
21114,3
1157240,3
1158382,3
1158384,3
1454616,3
1454631,3
1576625,3
1258814,2
15737,4
15738,4
15740,3
18506,3
19039,4
19040,4
19041,3
19042,3
20262,4
20270,4
20577,3
20578,4
29510,3
31206,4
38678,3
38881,4
49517,3
83323,4
91749,4
94641,3
97778,3
150052,4
150053,4
1146611,4
1168149,4
1214163,3
37862,2
1286381,3
15785,4
15786,4
15790,4
20064,4
20065,4
100207,4
320064,4
1101760,4
1101762,4
1101763,4
1101770,4
1128934,4
1163653,4
1278733,4
15831,3
15832,4
15833,4
15834,4
15836,4
15842,4
15844,3
15845,3
15849,4
15851,4
15858,4
15859,4
15861,4
15862,3
15863,4
15864,3
15865,4
15866,4
15869,4
18381,3
18382,3
18383,3
18387,4
21544,4
22508,4
26668,4
27696,3
28743,3
29511,3
29512,4
36348,4
52070,3
52121,4
52139,3
52142,4
59103,4
59109,4
101300,4
101309,3
110748,3
121792,4
121794,3
121796,3
121798,4
122174,3
122906,3
315831,4
315844,3
1111969,4
1111971,4
1113852,3
1113854,4
1113886,5
1128362,4
1270651,4
1292684,4
1292924,0
1419907,4
15990,3
15992,4
15994,3
16002,3
16003,2
16004,4
16007,3
16009,3
16010,4
16011,3
18363,4
20941,4
28509,4
43743,3
44076,4
58082,3
62083,4
85458,0
100289,4
116732,4
116782,3
122758,3
123553,2
123567,3
315994,3
318363,4
318882,3
385458,3
16092,3
104398,3
104400,3
114157,3
150259,3
1327340,3
1376259,3
1321484,4
16264,3
16265,3
16266,3
16267,3
16268,3
16269,3
16270,3
16271,3
16272,3
16273,3
16274,3
16275,3
16276,3
17056,3
43037,3
43044,3
58506,4
59659,4
68065,2
71115,3
80916,0
80922,2
96415,3
1185732,3
1269969,3
1269970,3
1310955,3
1404408,3
1404585,2
1405629,3
1425301,3
1436021,4
1473094,3
1481722,3
16389,4
16392,4
16394,4
16396,4
16403,4
16408,0
16413,4
16414,3
46710,4
60448,4
60540,3
63886,4
63890,3
63894,4
85536,4
85542,4
102820,4
16581,3
16590,3
16591,3
16592,3
16593,3
16594,3
30401,3
70624,3
101241,3
112136,3
401241,3
1154848,3
1155366,3
1159666,3
1327517,2
1327518,2
1327519,3
1327522,3
1327523,2
1327524,2
1430231,3
38283,2
42068,2
50891,2
1118130,2
16655,2
25864,2
111982,2
111986,2
1149624,2
16676,3
16678,3
16680,3
16682,3
16683,4
16684,3
16689,2
18558,3
18559,3
18561,4
18562,3
18563,4
18565,3
19016,4
19083,3
19084,3
19091,3
19142,3
19146,2
19152,4
19195,3
20387,3
20392,3
43020,3
43229,3
43242,3
43463,3
43471,3
45304,3
63455,3
63459,3
71037,2
71041,3
71105,2
84880,3
85226,3
85260,4
85276,3
85380,3
85444,3
1151320,2
1151425,3
1151468,4
1151594,3
1151599,2
1189699,3
1189708,3
1189709,3
1189711,3
1190145,3
1214129,3
1263648,3
1268558,3
1268562,2
16895,4
16896,3
16897,4
16898,3
16902,4
22532,3
31230,4
69747,3
98305,4
118064,4
118564,3
118566,4
118568,3
1156313,3
1259131,4
17098,4
70652,4
1139692,4
1313148,3
1313149,3
17194,4
17195,3
17196,3
17199,4
20574,2
44951,3
53534,3
81453,4
99617,3
102702,3
317194,2
317195,3
320574,3
344951,3
1267543,3
1270468,3
1270473,3
1270474,3
1270476,3
1321319,3
1321321,3
1321322,3
1321326,3
41798,3
109873,4
18277,3
31266,2
109766,3
109768,2
109893,3
17727,4
21578,4
21579,4
21580,4
21971,4
38231,4
101984,4
101986,4
45701,3
45703,3
45711,3
45713,3
45715,3
50933,3
50935,4
51044,3
68265,3
68313,3
68321,4
89018,3
89022,3
89024,2
89029,3
95706,4
105780,3
105928,3
113050,2
113052,4
113054,3
113056,4
113058,4
123588,4
150102,2
150104,4
150105,3
150106,3
1190630,3
1190631,3
1265863,3
1313326,4
2675,3
7077,2
7078,3
7079,3
7081,3
11138,3
11140,3
11660,3
15199,4
18895,3
20854,3
39550,3
39715,4
50846,4
50948,3
51008,3
55026,2
56134,3
60406,3
60538,3
60560,3
62380,3
62382,3
63888,3
64026,3
64552,3
64566,3
67813,3
68511,3
70732,4
83710,3
84006,3
85136,3
89255,3
89269,3
95043,2
103600,3
104802,4
105084,3
105352,3
106732,3
108586,3
113311,3
113365,3
1081911,3
1081931,4
1101658,3
1155387,3
1161250,2
1172159,3
1185330,3
60930,3
60934,4
100244,4
100246,4
123764,3
123766,4
123775,3
123778,3
123780,3
123782,3
123787,3
123789,3
123791,3
1123270,4
1183332,4
1184450,3
1342459,4
1403893,4
52435,3
52442,3
115374,3
1158921,4
1158924,5
1159013,4
1259974,4
1286732,3
1349108,4
1349405,3
11161,4
11162,4
11163,4
11171,4
18496,4
19264,4
19329,4
25783,4
25784,4
43778,4
43781,4
43788,3
49701,4
60895,4
61592,4
101628,3
101662,4
101712,4
101751,4
101762,4
101766,4
103572,4
108262,4
311171,4
1160947,4
1303607,4
58391,4
81312,4
95104,4
123233,3
1128030,3
1128096,3
1166614,4
1188374,3
1188396,4
1341255,4
19823,2
19827,0
19830,3
21103,3
21105,2
58180,3
150138,0
1212462,3
70771,0
105390,4
109616,4
109618,4
409616,3
1102962,4
1102963,3
1105116,4
1105299,3
1126893,3
1128095,3
1188129,4
1330352,3
1330896,3
1331611,3
1377489,4
20307,3
20309,3
113090,4
113469,4
1146775,3
37777,3
91943,4
1487493,4
1126666,4
1126724,4
1126731,4
1152810,2
1181262,3
1313301,3
1341342,3
1377509,3
1150486,3
1189812,3
1150279,3
1150286,4
63381,3
63383,3
84374,3
85320,3
89472,3
120078,3
120080,3
120084,3
1126104,3
1127582,3
1128029,3
1128229,3
1160979,3
1180209,3
1181115,3
1191424,3
1292731,4
1314243,3
1335611,3
1335623,3
1335739,3
1364464,3
1364469,4
1376131,3
1377547,3
1399536,3
1399546,4
1403536,4
1403609,3
1405659,3
1419627,3
1419776,4
1442119,3
5000135,3
5000136,3
5000138,3
5000139,3
5000141,3
5000143,3
5000146,3
5000802,3
108730,4
122845,4
150129,3
1103657,4
1103692,4
1103832,3
1103909,4
1117076,4
1127924,3
1127925,3
1127926,4
1127927,4
1270538,4
1308687,3
1319230,3
1365444,4
48231,3
100690,3
1122775,3
1126881,3
1127374,2
1128010,3
1153094,2
1153463,4
48237,4
72017,3
101856,4
113202,4
113490,4
121824,4
121940,4
122122,4
122124,4
123850,4
1103451,4
1103688,4
1116850,4
1116852,4
1128356,4
1128360,4
1128375,4
1128377,3
1128378,4
1129073,3
1166436,4
1168211,4
1168212,4
1168576,4
1168577,4
1181037,3
1181042,3
1188343,4
1188344,3
1188348,4
1188375,3
1188377,4
1188380,4
1214442,3
1260286,4
1260299,4
1260313,3
1260317,4
1313171,4
1313172,4
1313173,3
1330118,4
1333201,4
1340989,4
1341006,4
1341347,4
1366964,4
1366966,4
1366967,5
1366970,4
1374756,4
1375236,3
1375237,4
1376267,4
1377536,3
1377538,4
1400668,4
1419616,4
1420608,5
1420636,4
1420637,4
1420646,4
1420648,4
5001091,4
70460,3
83436,3
108434,3
121135,3
121451,3
123831,4
1103461,4
1128547,3
1128549,4
1129597,4
1191217,4
1191219,3
1191221,3
1191222,4
1191224,4
1192191,3
1262435,3
1270621,4
1299197,3
1312986,3
1314351,4
1314353,3
1321331,3
1321332,4
1341371,5
48271,4
71553,3
71556,3
5000492,3
5000493,3
48283,0
48285,0
48287,0
48289,0
48292,0
87330,0
100589,0
113832,0
1103419,0
1103421,0
1128034,0
1128225,0
1150894,0
1193457,3
1419884,3
1428321,4
62638,4
63045,3
63055,3
63059,3
63062,3
83927,2
83929,3
88728,3
1103371,3
1103809,3
1103813,3
1103854,3
1103900,3
1103910,3
1103911,3
1103912,3
1126885,2
1127113,2
1166493,3
1186003,3
1341227,3
1341230,3
1341231,3
1341233,3
1341234,3
1375423,3
1375998,3
1376002,3
1419853,3
3492,2
3495,2
3497,2
3499,3
18969,3
1214165,2
1156711,3
50916,3
122536,2
13405,4
13407,4
13410,4
13436,2
13446,4
13447,4
13448,4
13449,4
13452,4
99802,4
99804,4
99806,4
99808,4
99810,3
118630,3
120777,4
121366,3
121367,4
313436,4
1106595,3
1152879,4
1152880,4
1152881,3
1152882,4
1158116,3
1158907,0
1160083,3
1162185,3
1204358,3
1101244,3
1103556,3
1161927,3
1161928,3
5000568,3
101858,3
101996,3
1103821,3
1104480,3
1125917,3
1126911,3
1126912,3
1147330,3
1399012,4
102626,4
1102818,4
1102901,4
1102978,4
1312023,3
1330186,4
1337241,4
1338270,3
1363832,4
1376000,3
1378999,4
67249,4
67251,4
102430,4
121005,4
121011,3
121013,3
121016,4
1153800,3
1153801,4
1382579,3
90361,3
114388,3
121537,2
122150,3
1160424,3
1160425,3
1160759,2
1188550,3
1188620,2
1342497,2
1342504,2
1342612,3
1368260,2
1399733,2
1399738,3
1438391,3
100716,4
118016,4
1102695,4
1127035,3
1127865,4
1128230,3
1168085,3
1260196,3
1387235,3
60624,4
60637,3
60670,3
60672,3
60674,3
60740,3
60756,3
60760,3
60762,3
60764,2
60766,3
60768,3
60845,2
60847,0
60986,3
61024,3
61028,3
61669,3
69318,3
82654,4
82658,3
82661,3
90677,3
91311,2
91323,3
99363,3
112806,3
113799,4
113801,3
121315,3
121317,3
1330301,4
1330347,4
5001292,4
96913,4
1102012,4
1181132,3
1181327,4
85402,3
91909,3
1151328,3
1152312,3
96981,3
99503,3
112692,3
1102641,3
1102642,3
1102643,3
1102644,4
1102801,3
1190440,4
1261310,3
1292727,3
1342408,3
1342409,3
1382664,3
1404853,4
1451148,3
113279,4
116820,4
116850,3
1117788,3
1142320,4
1167817,3
1168390,3
1191018,4
1404253,4
1404254,4
5000574,3
5000575,4
5000578,3
98918,3
113589,3
1103487,4
1103649,3
1126886,3
1126887,4
1126898,3
1161236,4
1188383,3
1313158,4
1414995,4
1415487,3
66917,3
66920,4
66926,3
66929,4
86685,0
86712,3
105257,3
150122,4
1188184,4
1330232,4
67603,3
1438376,0
17134,4
17135,3
17138,4
17139,3
17142,4
17144,4
17148,4
17154,3
27713,3
40808,4
41238,4
49687,3
110742,3
317135,4
317148,4
1100877,4
1100878,4
1100880,4
1101387,4
1105218,3
1117473,0
1150592,4
1151252,4
1151612,4
1300180,4
1316021,3
1316022,4
112674,3
116922,4
116930,4
116944,4
116962,4
416922,4
416944,4
1321515,4
100547,3
1295581,3
75347,3
79430,3
1204641,4
1153085,3
1259168,3
1210130,4
75359,3
107398,3
121464,4
1103163,4
1103185,4
1103186,3
1103759,3
1128930,4
1128936,3
1128937,4
1128938,4
1128939,3
1168335,3
1168573,3
1191268,3
1191349,4
1309618,4
1314994,4
1342455,3
1379294,4
1102499,4
1102529,3
1102693,3
1102783,3
1110052,3
1117203,3
1117559,4
1118111,4
1128498,4
1313065,3
1313355,3
1313360,4
1313361,4
1313407,3
1313443,4
1313445,4
17077,3
17079,3
1350324,3
85640,4
1349112,3
99132,3
100412,4
100421,4
114989,3
115037,4
115681,3
122138,4
1102959,3
1135224,4
1136373,3
1300456,4
15854,4
15855,4
15857,4
15868,3
15876,4
18384,4
29513,4
34838,4
95731,4
95769,3
121393,4
315876,4
1113052,5
1174682,0
1174683,4
1174684,3
1258744,3
96874,3
1315343,3
1136925,3
1137369,3
1182764,3
1182765,2
1263591,3
1292902,3
1364108,4
1364335,3
1364338,3
1404021,3
1427407,3
123224,2
123230,3
123492,3
123494,3
1106607,2
1106721,3
1127560,3
1178650,3
1313167,3
1314413,3
1318223,2
1318224,3
1341251,3
74082,2
1353996,2
1102342,4
1102344,4
1102345,5
1102398,5
1102399,5
1102400,5
1102402,5
1103021,5
1159779,4
1150328,3
116900,4
150086,4
150087,3
1343350,4
96819,4
1152082,3
1102774,4
1102793,4
1102795,4
1102924,3
1103025,4
1103031,3
1103032,4
1103034,4
1125919,4
1125934,4
1125947,3
1125948,4
1126033,3
1160123,3
1179300,4
1264046,5
1307282,4
1330648,4
1342973,3
1377572,4
1419756,4
1419856,3
1419858,3
1150372,2
1153477,4
96841,3
98556,3
98558,3
98560,3
98562,4
98564,3
98612,4
98614,3
98616,3
98665,3
98671,2
108342,3
9979,4
18944,3
18947,3
66899,3
66903,3
85688,3
92740,3
103352,2
103358,3
103363,3
103370,2
103372,3
103377,3
103381,2
103385,3
104810,3
104812,3
104814,3
106092,3
106093,3
106096,3
112330,2
112332,2
112338,3
112350,2
113880,2
1420258,3
103441,4
103451,4
104278,3
104280,4
104282,4
104292,4
104298,3
123405,4
123411,4
1103739,4
1107084,4
1168164,3
5000912,4
1209155,3
1149718,2
1442103,3
1147020,2
1147025,3
1147178,4
1148478,2
1354319,3
122404,4
1178556,4
1280246,4
1280431,4
1280435,3
1280561,4
1281070,4
1330338,3
1330384,3
1379291,4
1103526,2
1103633,4
1103664,4
1103745,3
1112662,3
1113373,3
1163800,3
8973,3
16158,3
18957,3
29422,3
59453,4
59461,4
120114,3
1125851,3
1167962,4
1268162,0
1268163,4
1268172,4
1268176,3
1268177,3
1313179,3
1313180,3
1313181,3
1313182,4
1313184,4
1313185,4
1313186,3
1313187,3
1313188,3
1404236,3
1404321,4
1405006,4
1445834,5
1454054,3
150254,4
150255,4
1312197,5
1312211,5
1312227,4
1313153,4
1313175,4
1313254,4
5000071,4
2525,4
16183,4
16185,3
16186,4
16334,4
16336,4
16338,3
54400,4
55811,4
55813,3
62880,4
80827,3
80829,3
114061,3
302525,4
354400,4
362880,2
1155725,3
1265146,3
12040,4
12098,3
12105,3
86326,3
114858,3
1187671,3
1190137,3
1259381,0
1308826,4
1382554,4
1395909,4
1396686,4
1152544,4
1152566,4
1152567,4
1152571,4
1152572,4
1152574,4
1260434,4
5000385,4
5000396,4
5000397,4
5000398,4
5000399,4
5000400,4
5000401,4
5000402,4
5000403,4
5000404,4
5000405,4
5000406,4
5000407,4
5000408,4
1168550,4
1270465,3
1272855,4
1272856,4
1272861,4
1272863,4
1272864,4
1292764,4
1292765,4
1292766,4
1292767,4
1388352,3
1153846,3
1168525,3
1168526,3
1192283,3
1399848,3
5000487,3
1153957,4
1153960,3
1153961,3
1313944,3
1342766,3
1419849,3
1168520,3
1189581,2
1189755,3
1266098,3
1376349,3
5001337,3
1150467,3
1160224,3
1203116,4
1268536,3
1150438,3
1149804,3
1149897,3
1150397,3
1152201,3
1151449,3
1177589,3
1150302,3
1215132,3
1149689,3
1150259,3
1278856,4
1457365,4
1156898,2
1483835,3
1183690,3
1284534,3
1453490,3
1321335,3
12037,0
12076,0
12082,0
12083,0
18905,0
86318,0
115164,0
1113579,0
1183136,0
1191238,0
1262447,0
1262485,0
1269997,0
1270326,3
1270327,3
1270446,0
3643,4
3644,4
3645,3
8765,3
8766,4
8767,3
11779,4
15719,4
15720,3
15721,4
16319,4
18316,4
18959,3
18961,4
31205,4
43084,3
43086,3
46729,3
49818,4
49823,3
51476,3
51477,3
70536,3
70538,2
70981,4
70985,3
71002,3
95213,4
95215,3
113100,4
308766,3
395215,3
1154403,4
1155133,4
1156623,3
1185841,4
1185844,4
1203646,4
1206881,3
1266787,4
99022,4
99026,3
99040,4
118044,4
399022,4
399026,3
399040,3
1111510,4
1147553,4
1276399,3
1276412,3
99346,3
150097,3
399346,3
1284898,4
1284901,4
1284904,4
1284905,3
1438415,4
1321347,3
1382749,3
1371335,3
1386426,3
2500068,0
11886,3
11887,3
29456,3
42973,3
94307,3
120746,3
1174338,4
1174339,3
1332695,3
1350699,3
1458085,3
5001434,3
14111,5
14120,4
14121,4
14122,4
14125,4
14128,4
14137,4
22468,4
102038,4
102082,4
102086,3
121702,0
314111,3
314128,4
402038,4
1113004,4
91969,4
118468,4
118470,4
99728,4
102576,3
104156,4
14090,4
14126,4
14132,4
14133,4
14135,3
18954,5
39212,4
101844,4
102090,5
102092,3
112893,3
314133,3
314135,3
1084262,3
1113009,3
23,4
24,3
25,4
32,3
34,3
22837,0
101054,4
1128077,3
1188880,4
