co_curso,enade_faixa,cpc_faixa
1,5.0,4.0
2,2.0,3.0
3,4.0,3.0
6,5.0,4.0
7,4.0,4.0
8,4.0,4.0
9,4.0,4.0
10,4.0,3.0
12,5.0,4.0
13,4.0,4.0
16,4.0,4.0
17,4.0,5.0
19,3.0,4.0
20,4.0,4.0
21,2.0,3.0
23,4.0,4.0
24,3.0,3.0
25,3.0,4.0
26,3.0,3.0
27,3.0,3.0
29,3.0,4.0
32,2.0,3.0
34,2.0,3.0
36,3.0,4.0
37,4.0,3.0
44,5.0,4.0
122,5.0,5.0
126,5.0,5.0
127,4.0,4.0
128,5.0,4.0
132,5.0,4.0
133,3.0,3.0
135,4.0,4.0
136,5.0,4.0
137,4.0,4.0
138,5.0,4.0
139,4.0,3.0
140,4.0,4.0
141,5.0,4.0
142,4.0,4.0
143,4.0,4.0
144,5.0,4.0
145,5.0,5.0
148,5.0,4.0
149,4.0,4.0
150,5.0,4.0
151,4.0,4.0
158,4.0,4.0
159,4.0,4.0
160,5.0,4.0
161,4.0,4.0
162,4.0,4.0
163,4.0,4.0
165,5.0,4.0
167,4.0,4.0
294,5.0,4.0
295,4.0,4.0
297,3.0,4.0
302,5.0,4.0
303,4.0,4.0
304,4.0,4.0
306,5.0,5.0
308,5.0,4.0
310,4.0,4.0
311,3.0,4.0
315,4.0,4.0
317,4.0,4.0
318,3.0,4.0
319,5.0,4.0
322,2.0,3.0
326,4.0,4.0
327,4.0,4.0
328,3.0,4.0
376,5.0,4.0
377,3.0,4.0
378,3.0,3.0
379,3.0,3.0
380,3.0,3.0
381,4.0,4.0
382,3.0,4.0
383,4.0,4.0
385,4.0,4.0
388,3.0,3.0
389,3.0,3.0
390,4.0,4.0
391,5.0,5.0
392,4.0,4.0
395,4.0,4.0
396,4.0,4.0
397,3.0,4.0
398,4.0,4.0
399,4.0,4.0
402,4.0,4.0
403,3.0,3.0
407,2.0,3.0
484,4.0,4.0
485,5.0,4.0
486,5.0,4.0
487,4.0,4.0
488,4.0,4.0
490,4.0,3.0
491,5.0,4.0
492,3.0,3.0
494,4.0,4.0
495,3.0,3.0
496,3.0,3.0
497,4.0,4.0
498,3.0,3.0
500,4.0,3.0
501,3.0,3.0
502,2.0,3.0
504,3.0,3.0
508,4.0,4.0
512,5.0,4.0
513,4.0,4.0
516,5.0,4.0
517,5.0,3.0
519,3.0,3.0
525,4.0,4.0
586,5.0,4.0
590,4.0,4.0
591,5.0,4.0
592,4.0,4.0
593,4.0,4.0
594,4.0,4.0
595,3.0,4.0
596,5.0,4.0
614,4.0,4.0
615,5.0,4.0
619,4.0,4.0
621,4.0,4.0
623,4.0,4.0
624,4.0,3.0
626,5.0,4.0
627,5.0,4.0
630,4.0,4.0
631,4.0,4.0
632,4.0,4.0
635,5.0,4.0
637,4.0,4.0
683,5.0,5.0
684,5.0,4.0
685,5.0,4.0
686,4.0,4.0
687,5.0,5.0
689,5.0,4.0
691,5.0,4.0
692,5.0,4.0
694,4.0,4.0
695,5.0,4.0
696,4.0,4.0
697,5.0,4.0
698,5.0,5.0
700,4.0,4.0
701,5.0,4.0
703,5.0,5.0
704,5.0,4.0
705,5.0,4.0
750,4.0,3.0
751,5.0,4.0
754,4.0,4.0
758,4.0,4.0
759,5.0,4.0
760,4.0,4.0
761,4.0,4.0
762,2.0,3.0
763,5.0,4.0
764,4.0,3.0
765,4.0,4.0
766,4.0,4.0
767,4.0,4.0
768,4.0,4.0
769,4.0,5.0
770,3.0,3.0
771,3.0,4.0
772,4.0,4.0
773,5.0,4.0
774,4.0,4.0
775,4.0,4.0
777,5.0,5.0
778,4.0,4.0
779,5.0,4.0
780,4.0,5.0
781,4.0,3.0
1026,3.0,3.0
1027,2.0,3.0
1028,5.0,5.0
1033,3.0,4.0
1034,3.0,4.0
1035,3.0,4.0
1036,4.0,4.0
1038,4.0,4.0
1039,4.0,4.0
1040,3.0,3.0
1041,3.0,3.0
1043,4.0,4.0
1044,3.0,4.0
1045,3.0,4.0
1046,4.0,4.0
1051,4.0,4.0
1052,3.0,3.0
1428,4.0,4.0
1429,3.0,4.0
1430,4.0,4.0
1431,4.0,4.0
1433,4.0,4.0
1435,4.0,4.0
1436,4.0,4.0
1438,4.0,4.0
1439,4.0,4.0
1440,4.0,4.0
1441,4.0,4.0
1443,4.0,4.0
1444,4.0,4.0
1445,4.0,4.0
1446,3.0,4.0
1448,5.0,4.0
1449,3.0,4.0
1450,4.0,3.0
1451,4.0,4.0
1452,4.0,4.0
1453,4.0,4.0
1454,3.0,4.0
2104,5.0,4.0
2106,4.0,4.0
2108,2.0,3.0
2110,4.0,3.0
2111,3.0,3.0
2112,4.0,4.0
2113,4.0,3.0
2133,4.0,4.0
2174,4.0,4.0
2191,4.0,4.0
2192,5.0,4.0
2194,3.0,3.0
2197,3.0,3.0
2198,4.0,4.0
2199,5.0,4.0
2202,5.0,4.0
2204,4.0,4.0
2205,3.0,3.0
2206,4.0,4.0
2208,3.0,4.0
2209,3.0,3.0
2211,3.0,3.0
2212,4.0,3.0
2213,3.0,4.0
2214,4.0,4.0
2215,4.0,4.0
2216,4.0,4.0
2217,4.0,4.0
2221,4.0,3.0
2348,3.0,4.0
2350,3.0,3.0
2351,5.0,4.0
2388,4.0,3.0
2442,3.0,4.0
2448,4.0,4.0
2450,4.0,4.0
2451,4.0,3.0
2471,3.0,3.0
2525,3.0,4.0
2529,4.0,3.0
2532,5.0,5.0
2534,4.0,4.0
2535,5.0,4.0
2536,4.0,4.0
2537,5.0,4.0
2538,5.0,4.0
2540,4.0,4.0
2541,4.0,4.0
2544,5.0,4.0
2545,4.0,3.0
2618,3.0,4.0
2619,4.0,3.0
2620,3.0,3.0
2622,2.0,3.0
2623,4.0,4.0
2626,3.0,4.0
2675,4.0,3.0
2689,5.0,4.0
2690,5.0,4.0
2691,4.0,4.0
2692,5.0,4.0
2693,5.0,4.0
2694,4.0,4.0
2695,4.0,4.0
2697,5.0,5.0
2700,5.0,4.0
2701,4.0,4.0
2711,4.0,4.0
2712,5.0,4.0
2716,5.0,3.0
2717,5.0,4.0
2720,5.0,4.0
2721,4.0,4.0
2722,4.0,4.0
2723,5.0,4.0
2724,4.0,4.0
3127,4.0,4.0
3128,4.0,4.0
3129,4.0,4.0
3130,4.0,3.0
3131,5.0,4.0
3132,4.0,4.0
3135,4.0,4.0
3136,5.0,4.0
3137,4.0,4.0
3138,3.0,4.0
3139,4.0,4.0
3140,5.0,4.0
3144,4.0,4.0
3145,4.0,4.0
3146,4.0,4.0
3148,5.0,4.0
3149,4.0,4.0
3150,4.0,4.0
3151,4.0,4.0
3154,5.0,4.0
3156,4.0,4.0
3159,4.0,4.0
3160,4.0,4.0
3161,4.0,4.0
3162,4.0,4.0
3163,4.0,4.0
3166,4.0,4.0
3167,3.0,3.0
3168,3.0,3.0
3171,4.0,2.0
3172,4.0,4.0
3173,4.0,4.0
3174,4.0,4.0
3176,5.0,5.0
3177,4.0,4.0
3179,3.0,4.0
3190,4.0,4.0
3191,3.0,3.0
3193,4.0,4.0
3194,5.0,4.0
3195,5.0,4.0
3196,4.0,4.0
3197,5.0,4.0
3201,5.0,4.0
3202,5.0,4.0
3203,4.0,4.0
3206,4.0,4.0
3207,4.0,4.0
3209,5.0,4.0
3211,3.0,4.0
3212,4.0,3.0
3214,4.0,4.0
3215,4.0,4.0
3217,4.0,4.0
3218,4.0,4.0
3219,5.0,4.0
3220,3.0,4.0
3221,5.0,4.0
3222,4.0,3.0
3392,3.0,3.0
3393,4.0,4.0
3394,4.0,4.0
3395,5.0,4.0
3397,3.0,4.0
3399,4.0,4.0
3400,3.0,4.0
3401,5.0,4.0
3402,5.0,5.0
3403,4.0,4.0
3405,3.0,3.0
3406,3.0,4.0
3407,4.0,4.0
3408,4.0,4.0
3410,3.0,4.0
3411,4.0,4.0
3412,3.0,3.0
3413,5.0,4.0
3415,4.0,4.0
3416,4.0,4.0
3417,4.0,4.0
3418,5.0,4.0
3419,4.0,4.0
3482,4.0,0.0
3484,4.0,4.0
3486,4.0,0.0
3488,3.0,0.0
3492,2.0,2.0
3495,2.0,2.0
3497,2.0,2.0
3499,3.0,3.0
3530,3.0,3.0
3531,2.0,2.0
3532,3.0,3.0
3558,3.0,4.0
3559,3.0,4.0
3560,3.0,3.0
3561,4.0,4.0
3562,3.0,4.0
3563,3.0,3.0
3564,4.0,4.0
3567,3.0,4.0
3568,3.0,4.0
3569,3.0,3.0
3570,5.0,4.0
3571,2.0,3.0
3572,3.0,3.0
3573,4.0,4.0
3574,4.0,4.0
3601,1.0,2.0
3603,2.0,2.0
3611,2.0,2.0
3612,2.0,2.0
3613,2.0,2.0
3614,1.0,1.0
3615,2.0,2.0
3622,2.0,2.0
3638,3.0,3.0
3639,3.0,3.0
3641,4.0,3.0
3643,4.0,4.0
3644,3.0,4.0
3645,2.0,3.0
3658,3.0,4.0
3659,3.0,3.0
3660,4.0,4.0
3662,3.0,4.0
3663,3.0,3.0
3664,5.0,5.0
3668,3.0,4.0
3669,3.0,3.0
3670,4.0,4.0
3671,4.0,5.0
3672,3.0,4.0
3673,5.0,5.0
3674,3.0,3.0
3675,0.0,0.0
3676,3.0,4.0
3677,3.0,3.0
3678,3.0,4.0
3681,3.0,3.0
3683,3.0,4.0
3684,3.0,3.0
3685,3.0,3.0
4056,4.0,3.0
4068,3.0,4.0
4072,3.0,4.0
4073,5.0,4.0
4075,3.0,4.0
4082,3.0,4.0
4086,4.0,3.0
4087,4.0,4.0
4088,2.0,3.0
4090,3.0,3.0
4092,3.0,4.0
4102,4.0,3.0
4104,2.0,3.0
4190,5.0,4.0
4191,3.0,4.0
4192,3.0,4.0
4194,4.0,4.0
4195,5.0,4.0
4196,4.0,4.0
4197,5.0,4.0
4198,3.0,3.0
4720,5.0,4.0
4721,5.0,4.0
5788,3.0,0.0
5789,3.0,0.0
7077,2.0,2.0
7078,3.0,3.0
7079,3.0,3.0
7081,3.0,3.0
7828,2.0,3.0
7829,3.0,3.0
7830,2.0,3.0
7833,4.0,3.0
7834,4.0,4.0
7835,5.0,4.0
7836,3.0,3.0
7837,4.0,4.0
7839,4.0,4.0
7841,4.0,4.0
7843,4.0,4.0
7845,2.0,3.0
8414,4.0,3.0
8417,3.0,4.0
8418,2.0,3.0
8422,3.0,4.0
8423,3.0,4.0
8424,3.0,4.0
8425,3.0,4.0
8426,4.0,4.0
8427,4.0,4.0
8428,3.0,4.0
8429,3.0,3.0
8430,3.0,4.0
8433,4.0,3.0
8434,4.0,4.0
8437,5.0,4.0
8439,3.0,3.0
8762,4.0,4.0
8763,3.0,3.0
8764,4.0,3.0
8765,4.0,3.0
8766,3.0,4.0
8767,3.0,3.0
8960,5.0,4.0
8961,5.0,4.0
8973,2.0,3.0
9709,4.0,4.0
9976,4.0,3.0
9977,4.0,3.0
9979,3.0,4.0
9980,1.0,2.0
11124,2.0,3.0
11135,2.0,3.0
11138,3.0,3.0
11140,3.0,3.0
11154,2.0,3.0
11158,4.0,4.0
11161,3.0,4.0
11162,4.0,4.0
11163,3.0,4.0
11166,4.0,4.0
11167,3.0,4.0
11169,3.0,4.0
11171,3.0,4.0
11193,4.0,4.0
11294,4.0,3.0
11299,4.0,4.0
11300,4.0,4.0
11301,4.0,4.0
11302,4.0,4.0
11303,4.0,4.0
11305,3.0,3.0
11308,3.0,4.0
11310,4.0,4.0
11311,5.0,4.0
11313,4.0,4.0
11314,3.0,4.0
11315,3.0,4.0
11316,4.0,4.0
11317,5.0,4.0
11318,4.0,4.0
11319,3.0,3.0
11320,4.0,4.0
11321,4.0,4.0
11322,4.0,4.0
11324,4.0,4.0
11325,4.0,4.0
11326,3.0,4.0
11327,2.0,3.0
11328,3.0,4.0
11329,3.0,4.0
11330,3.0,3.0
11426,4.0,4.0
11427,3.0,4.0
11429,3.0,4.0
11430,2.0,5.0
11431,3.0,4.0
11432,4.0,4.0
11433,3.0,3.0
11434,5.0,5.0
11435,4.0,4.0
11436,5.0,4.0
11437,5.0,4.0
11438,4.0,4.0
11439,3.0,3.0
11441,4.0,4.0
11443,2.0,3.0
11444,4.0,4.0
11446,3.0,4.0
11447,4.0,4.0
11448,5.0,4.0
11449,3.0,4.0
11450,3.0,4.0
11451,4.0,3.0
11452,4.0,4.0
11453,5.0,5.0
11456,3.0,3.0
11457,4.0,4.0
11458,5.0,4.0
11462,3.0,3.0
11528,3.0,3.0
11529,3.0,3.0
11533,3.0,3.0
11535,4.0,4.0
11537,5.0,4.0
11538,3.0,3.0
11539,3.0,4.0
11540,3.0,4.0
11542,3.0,3.0
11543,4.0,4.0
11544,2.0,3.0
11548,3.0,3.0
11553,4.0,4.0
11554,4.0,4.0
11590,2.0,3.0
11591,3.0,3.0
11592,2.0,3.0
11593,3.0,3.0
11594,4.0,3.0
11595,4.0,3.0
11596,4.0,4.0
11598,3.0,3.0
11599,3.0,3.0
11600,4.0,4.0
11601,4.0,3.0
11602,4.0,4.0
11603,3.0,3.0
11605,4.0,3.0
11606,4.0,4.0
11607,4.0,4.0
11608,4.0,3.0
11613,2.0,4.0
11614,2.0,3.0
11615,4.0,3.0
11652,2.0,2.0
11657,3.0,3.0
11660,2.0,3.0
11663,4.0,3.0
11779,3.0,4.0
11874,3.0,3.0
11878,3.0,3.0
11880,4.0,3.0
11881,2.0,3.0
11885,3.0,3.0
11886,3.0,3.0
11887,2.0,3.0
11888,2.0,3.0
11889,2.0,3.0
11890,3.0,3.0
11891,4.0,4.0
11893,3.0,3.0
11897,3.0,4.0
11912,3.0,4.0
11988,4.0,4.0
11989,4.0,3.0
11990,5.0,4.0
11991,0.0,0.0
11992,0.0,0.0
11993,3.0,4.0
11994,0.0,0.0
11995,0.0,0.0
11996,0.0,0.0
11998,4.0,4.0
11999,0.0,0.0
12001,4.0,4.0
12002,4.0,4.0
12003,3.0,3.0
12004,3.0,3.0
12006,3.0,3.0
12007,0.0,0.0
12012,4.0,4.0
12013,4.0,3.0
12014,4.0,4.0
12015,3.0,3.0
12017,4.0,4.0
12018,4.0,4.0
12022,0.0,0.0
12023,0.0,0.0
12025,0.0,0.0
12026,0.0,0.0
12027,0.0,0.0
12033,0.0,0.0
12035,0.0,0.0
12037,0.0,0.0
12040,4.0,4.0
12044,2.0,3.0
12048,3.0,3.0
12052,2.0,3.0
12061,0.0,0.0
12065,0.0,0.0
12069,0.0,0.0
12073,0.0,0.0
12074,0.0,0.0
12076,0.0,0.0
12078,4.0,4.0
12082,0.0,0.0
12083,0.0,0.0
12085,0.0,0.0
12096,4.0,4.0
12098,2.0,3.0
12105,3.0,3.0
12111,3.0,4.0
12311,5.0,4.0
12312,4.0,4.0
12313,5.0,5.0
12314,4.0,5.0
12315,4.0,4.0
12316,5.0,4.0
12317,5.0,4.0
12321,4.0,4.0
12323,4.0,4.0
12324,4.0,4.0
12325,5.0,5.0
12326,5.0,4.0
12327,5.0,4.0
12328,4.0,4.0
12329,5.0,5.0
12330,4.0,4.0
12331,5.0,4.0
12332,4.0,4.0
12335,4.0,4.0
12339,5.0,4.0
12340,5.0,4.0
12342,3.0,3.0
12343,5.0,4.0
12344,4.0,4.0
12345,5.0,4.0
12349,4.0,4.0
12350,3.0,4.0
12351,3.0,4.0
12353,4.0,4.0
12354,3.0,4.0
12355,4.0,4.0
12553,4.0,4.0
12555,5.0,4.0
12557,5.0,4.0
12558,5.0,4.0
12560,5.0,4.0
12561,4.0,4.0
12562,4.0,4.0
12563,5.0,4.0
12565,3.0,3.0
12566,5.0,4.0
12567,5.0,4.0
12569,5.0,4.0
12570,5.0,4.0
12571,4.0,4.0
12572,5.0,5.0
12573,5.0,5.0
12574,4.0,4.0
12575,5.0,4.0
12577,5.0,5.0
12581,5.0,4.0
12582,5.0,4.0
12583,5.0,4.0
12584,4.0,4.0
12586,5.0,4.0
12587,5.0,4.0
12588,5.0,4.0
12590,3.0,4.0
12686,5.0,4.0
12688,4.0,4.0
12689,4.0,4.0
12690,4.0,4.0
12691,5.0,5.0
12692,4.0,4.0
12693,5.0,4.0
12694,5.0,4.0
12695,5.0,4.0
12696,4.0,4.0
12697,5.0,4.0
12698,4.0,4.0
12699,5.0,4.0
12700,5.0,4.0
12701,5.0,4.0
12702,4.0,4.0
12704,5.0,4.0
12705,4.0,4.0
12708,4.0,4.0
12710,5.0,4.0
12711,4.0,4.0
12712,2.0,3.0
12713,3.0,3.0
12717,4.0,4.0
12718,5.0,4.0
12719,5.0,4.0
12720,4.0,4.0
12721,4.0,4.0
12722,3.0,4.0
12724,5.0,4.0
12727,5.0,4.0
12728,3.0,3.0
12806,4.0,4.0
12807,5.0,4.0
12808,5.0,4.0
12809,5.0,4.0
12811,4.0,4.0
12812,5.0,4.0
12813,5.0,4.0
12814,4.0,4.0
12815,4.0,4.0
12817,4.0,4.0
12818,5.0,4.0
12819,4.0,4.0
12820,5.0,4.0
12821,5.0,4.0
12822,5.0,4.0
12823,4.0,4.0
12824,4.0,4.0
12826,4.0,4.0
12829,5.0,4.0
12830,5.0,3.0
12834,4.0,4.0
12835,4.0,4.0
12836,4.0,4.0
12837,5.0,4.0
12838,5.0,4.0
12905,4.0,4.0
12906,3.0,4.0
12907,4.0,4.0
12909,4.0,4.0
12910,4.0,4.0
12912,3.0,4.0
12913,4.0,4.0
12915,4.0,4.0
12916,4.0,4.0
12917,4.0,4.0
12918,4.0,4.0
12920,4.0,3.0
12941,5.0,5.0
12942,5.0,4.0
12943,5.0,4.0
12945,5.0,4.0
12946,5.0,5.0
12947,5.0,5.0
12948,5.0,5.0
12949,5.0,4.0
12951,5.0,4.0
12952,5.0,4.0
12953,5.0,4.0
12954,5.0,4.0
12955,5.0,4.0
12957,5.0,4.0
12959,5.0,4.0
12962,5.0,4.0
12963,5.0,4.0
12964,5.0,4.0
12965,5.0,4.0
12967,5.0,4.0
12968,5.0,4.0
12969,5.0,4.0
12970,5.0,4.0
12971,5.0,4.0
12972,5.0,4.0
12973,5.0,4.0
12974,5.0,4.0
12975,5.0,5.0
12977,4.0,4.0
13086,5.0,4.0
13087,5.0,5.0
13089,5.0,5.0
13090,3.0,4.0
13092,4.0,4.0
13094,5.0,4.0
13095,4.0,4.0
13097,4.0,3.0
13098,5.0,4.0
13099,4.0,4.0
13100,5.0,4.0
13102,5.0,5.0
13103,4.0,4.0
13104,5.0,4.0
13105,5.0,4.0
13106,4.0,4.0
13107,5.0,5.0
13113,5.0,4.0
13114,5.0,4.0
13118,5.0,4.0
13193,3.0,3.0
13194,4.0,4.0
13195,5.0,4.0
13198,4.0,4.0
13199,5.0,4.0
13200,5.0,4.0
13201,5.0,4.0
13202,5.0,5.0
13203,4.0,4.0
13204,4.0,4.0
13205,3.0,4.0
13207,5.0,4.0
13209,2.0,3.0
13210,2.0,3.0
13211,2.0,3.0
13213,4.0,4.0
13214,4.0,4.0
13216,5.0,4.0
13217,3.0,3.0
13218,3.0,4.0
13222,4.0,4.0
13223,3.0,4.0
13225,4.0,4.0
13266,4.0,3.0
13267,4.0,4.0
13269,4.0,4.0
13270,4.0,4.0
13271,4.0,4.0
13272,5.0,4.0
13273,5.0,4.0
13274,4.0,4.0
13276,5.0,4.0
13277,4.0,4.0
13278,4.0,4.0
13282,3.0,4.0
13283,5.0,4.0
13284,4.0,4.0
13285,4.0,4.0
13286,4.0,4.0
13287,4.0,4.0
13288,5.0,4.0
13289,5.0,4.0
13292,4.0,4.0
13293,3.0,4.0
13296,5.0,5.0
13297,5.0,4.0
13298,5.0,4.0
13299,5.0,4.0
13300,5.0,4.0
13302,5.0,4.0
13303,4.0,3.0
13304,4.0,3.0
13312,4.0,4.0
13315,5.0,5.0
13318,5.0,4.0
13319,4.0,4.0
13322,5.0,5.0
13394,3.0,3.0
13395,5.0,5.0
13397,4.0,4.0
13398,5.0,4.0
13399,4.0,4.0
13400,2.0,3.0
13401,4.0,4.0
13402,3.0,3.0
13403,4.0,4.0
13404,3.0,4.0
13405,3.0,4.0
13406,4.0,4.0
13407,3.0,4.0
13409,3.0,3.0
13410,4.0,4.0
13413,5.0,4.0
13415,4.0,4.0
13417,4.0,4.0
13418,4.0,4.0
13421,4.0,4.0
13422,5.0,4.0
13423,4.0,4.0
13424,5.0,4.0
13425,4.0,4.0
13426,4.0,4.0
13427,5.0,4.0
13428,3.0,3.0
13429,5.0,4.0
13430,3.0,3.0
13433,3.0,3.0
13434,4.0,4.0
13436,2.0,2.0
13437,3.0,3.0
13438,4.0,4.0
13439,4.0,4.0
13441,3.0,4.0
13442,3.0,3.0
13446,4.0,4.0
13447,4.0,4.0
13448,4.0,4.0
13449,3.0,4.0
13451,3.0,3.0
13452,5.0,4.0
13453,4.0,3.0
13454,3.0,4.0
13455,4.0,4.0
13456,3.0,3.0
13459,4.0,4.0
13572,4.0,4.0
13573,4.0,4.0
13574,3.0,3.0
13575,4.0,4.0
13576,5.0,4.0
13577,4.0,3.0
13579,5.0,4.0
13580,5.0,4.0
13581,5.0,4.0
13582,4.0,4.0
13584,5.0,4.0
13585,4.0,4.0
13586,4.0,4.0
13588,4.0,4.0
13591,4.0,4.0
13595,4.0,4.0
13597,4.0,4.0
13598,4.0,3.0
13599,5.0,4.0
13600,5.0,4.0
13601,4.0,4.0
13602,5.0,4.0
13604,2.0,3.0
13608,4.0,4.0
13610,5.0,3.0
13611,4.0,4.0
13614,5.0,4.0
13616,3.0,3.0
13617,4.0,4.0
13618,3.0,4.0
13619,3.0,3.0
13625,5.0,4.0
13699,5.0,5.0
13702,5.0,4.0
13703,5.0,5.0
13705,5.0,4.0
13707,5.0,4.0
13708,4.0,4.0
13710,5.0,4.0
13714,4.0,4.0
13717,5.0,4.0
13718,5.0,4.0
13719,4.0,4.0
13720,5.0,4.0
13721,4.0,4.0
13723,4.0,4.0
13725,5.0,4.0
13729,5.0,4.0
13732,5.0,5.0
13734,5.0,5.0
13740,5.0,4.0
13741,4.0,4.0
13742,4.0,5.0
13839,3.0,4.0
13840,5.0,5.0
13850,5.0,5.0
13851,4.0,4.0
13852,4.0,4.0
13853,4.0,4.0
13854,3.0,4.0
13856,4.0,4.0
13857,5.0,4.0
13858,4.0,4.0
13859,5.0,4.0
13862,4.0,4.0
13864,5.0,4.0
13865,5.0,4.0
13866,4.0,4.0
13867,5.0,4.0
13868,4.0,4.0
13873,3.0,4.0
13874,4.0,5.0
13877,4.0,4.0
13881,4.0,4.0
13896,5.0,4.0
13965,4.0,4.0
13967,5.0,4.0
13968,5.0,4.0
13969,5.0,4.0
13970,4.0,4.0
13974,4.0,4.0
13976,4.0,4.0
13980,4.0,4.0
13982,4.0,4.0
13984,5.0,4.0
13986,4.0,3.0
13987,5.0,4.0
13988,5.0,4.0
13989,4.0,4.0
13990,4.0,4.0
13991,4.0,4.0
13993,4.0,3.0
13994,5.0,4.0
13995,5.0,4.0
13996,5.0,4.0
13997,4.0,4.0
13998,5.0,4.0
14000,5.0,4.0
14002,4.0,3.0
14089,4.0,4.0
14090,3.0,4.0
14091,4.0,4.0
14092,4.0,4.0
14093,4.0,3.0
14094,4.0,4.0
14095,5.0,4.0
14096,4.0,4.0
14097,4.0,4.0
14098,4.0,4.0
14099,5.0,4.0
14100,4.0,4.0
14102,4.0,4.0
14106,5.0,4.0
14109,5.0,4.0
14110,3.0,4.0
14111,4.0,5.0
14112,3.0,3.0
14120,4.0,4.0
14121,3.0,4.0
14122,3.0,4.0
14123,4.0,4.0
14125,3.0,4.0
14126,3.0,4.0
14128,4.0,4.0
14132,3.0,4.0
14133,3.0,4.0
14135,3.0,3.0
14137,3.0,4.0
14213,5.0,5.0
14214,4.0,4.0
14215,5.0,4.0
14217,5.0,4.0
14218,5.0,5.0
14219,4.0,4.0
14220,4.0,4.0
14221,4.0,4.0
14222,5.0,5.0
14223,5.0,4.0
14224,4.0,4.0
14225,4.0,4.0
14226,5.0,4.0
14227,5.0,4.0
14228,4.0,4.0
14230,4.0,4.0
14231,5.0,4.0
14233,4.0,4.0
14234,4.0,4.0
14235,5.0,4.0
14236,4.0,4.0
14237,3.0,3.0
14240,5.0,5.0
14241,5.0,4.0
14242,5.0,4.0
14243,5.0,4.0
14247,4.0,4.0
14248,4.0,4.0
14249,4.0,4.0
14326,4.0,4.0
14328,4.0,4.0
14332,5.0,4.0
14333,5.0,4.0
14346,4.0,4.0
14348,4.0,4.0
14349,5.0,4.0
14350,4.0,4.0
14351,5.0,4.0
14352,5.0,5.0
14355,4.0,4.0
14356,5.0,4.0
14358,5.0,4.0
14359,3.0,3.0
14360,5.0,4.0
14361,4.0,4.0
14363,5.0,4.0
14364,4.0,4.0
14365,5.0,4.0
14366,5.0,4.0
14367,4.0,4.0
14369,4.0,4.0
14373,4.0,4.0
14376,4.0,4.0
14502,4.0,4.0
14503,4.0,4.0
14505,4.0,4.0
14506,3.0,4.0
14507,3.0,4.0
14508,3.0,4.0
14510,4.0,4.0
14511,3.0,4.0
14512,4.0,4.0
14513,3.0,4.0
14514,4.0,4.0
14515,3.0,4.0
14535,4.0,4.0
14536,4.0,4.0
14537,4.0,4.0
14539,5.0,4.0
14542,4.0,4.0
14543,5.0,4.0
14554,4.0,4.0
14555,4.0,4.0
14557,4.0,4.0
14558,3.0,3.0
14559,3.0,4.0
14563,5.0,4.0
14564,4.0,4.0
14565,5.0,4.0
14567,5.0,4.0
14576,5.0,4.0
14577,5.0,4.0
14580,4.0,4.0
14582,4.0,4.0
14590,4.0,3.0
14596,5.0,4.0
14597,5.0,4.0
14606,4.0,4.0
14607,4.0,4.0
14608,4.0,4.0
14613,4.0,4.0
14615,4.0,4.0
14616,4.0,4.0
14643,5.0,4.0
14644,5.0,5.0
14645,4.0,3.0
14646,5.0,4.0
14647,5.0,4.0
14678,3.0,3.0
14679,4.0,3.0
14681,2.0,2.0
14701,4.0,3.0
14702,4.0,4.0
14703,4.0,4.0
14705,4.0,4.0
14710,4.0,4.0
14711,4.0,4.0
14713,3.0,3.0
14715,4.0,4.0
14716,5.0,4.0
14718,4.0,4.0
14719,5.0,4.0
14720,3.0,3.0
14724,4.0,4.0
14725,4.0,3.0
14726,4.0,4.0
14727,4.0,4.0
14728,3.0,3.0
14970,4.0,4.0
14972,4.0,3.0
14973,4.0,4.0
14974,4.0,4.0
14975,4.0,4.0
14978,4.0,4.0
14979,4.0,4.0
14980,3.0,4.0
14985,3.0,3.0
14987,4.0,3.0
14992,3.0,3.0
14993,4.0,3.0
14997,3.0,3.0
15000,3.0,3.0
15002,4.0,3.0
15054,3.0,4.0
15162,3.0,3.0
15164,3.0,3.0
15199,4.0,4.0
15206,2.0,0.0
15207,3.0,0.0
15333,4.0,4.0
15334,3.0,3.0
15337,1.0,2.0
15338,3.0,3.0
15339,3.0,3.0
15340,2.0,2.0
15342,2.0,3.0
15343,3.0,3.0
15345,1.0,3.0
15346,3.0,3.0
15349,3.0,3.0
15350,2.0,3.0
15352,0.0,0.0
15354,2.0,3.0
15356,3.0,3.0
15402,3.0,3.0
15403,4.0,4.0
15404,4.0,4.0
15405,4.0,3.0
15406,4.0,4.0
15407,3.0,3.0
15408,4.0,4.0
15409,4.0,4.0
15410,4.0,4.0
15411,3.0,3.0
15412,4.0,4.0
15413,3.0,3.0
15415,3.0,3.0
15627,2.0,0.0
15628,3.0,0.0
15629,1.0,0.0
15706,2.0,0.0
15707,2.0,0.0
15708,1.0,0.0
15709,2.0,0.0
15710,0.0,0.0
15716,3.0,0.0
15719,4.0,4.0
15720,3.0,3.0
15721,4.0,4.0
15734,3.0,3.0
15737,3.0,4.0
15738,3.0,4.0
15739,4.0,4.0
15740,3.0,3.0
15742,4.0,4.0
15743,0.0,0.0
15744,4.0,4.0
15772,3.0,0.0
15773,3.0,0.0
15782,5.0,4.0
15783,4.0,3.0
15784,5.0,4.0
15785,5.0,4.0
15786,4.0,4.0
15788,5.0,4.0
15789,4.0,3.0
15790,3.0,4.0
15830,3.0,3.0
15831,3.0,3.0
15832,4.0,4.0
15833,3.0,4.0
15834,3.0,4.0
15836,5.0,4.0
15837,5.0,4.0
15838,5.0,4.0
15839,3.0,4.0
15840,4.0,4.0
15841,4.0,4.0
15842,4.0,4.0
15844,2.0,3.0
15845,2.0,3.0
15847,3.0,3.0
15848,3.0,4.0
15849,3.0,4.0
15851,3.0,4.0
15852,3.0,3.0
15853,4.0,4.0
15854,3.0,4.0
15855,3.0,4.0
15857,3.0,4.0
15858,3.0,4.0
15859,3.0,4.0
15861,3.0,4.0
15862,2.0,3.0
15863,3.0,4.0
15864,2.0,3.0
15865,3.0,4.0
15866,3.0,4.0
15867,4.0,4.0
15868,2.0,3.0
15869,4.0,4.0
15870,4.0,4.0
15873,3.0,4.0
15874,4.0,4.0
15876,4.0,4.0
15877,4.0,4.0
15884,4.0,5.0
15987,2.0,3.0
15988,4.0,4.0
15989,3.0,4.0
15990,3.0,3.0
15992,3.0,4.0
15994,1.0,3.0
15995,4.0,3.0
15998,0.0,0.0
16000,3.0,4.0
16002,3.0,3.0
16003,1.0,2.0
16004,3.0,4.0
16007,3.0,3.0
16008,3.0,3.0
16009,2.0,3.0
16010,3.0,4.0
16011,1.0,3.0
16012,4.0,4.0
16016,3.0,3.0
16090,2.0,0.0
16092,2.0,3.0
16154,3.0,3.0
16155,3.0,3.0
16158,2.0,3.0
16180,3.0,3.0
16181,3.0,2.0
16182,1.0,3.0
16183,3.0,4.0
16185,3.0,3.0
16186,3.0,4.0
16236,4.0,4.0
16264,2.0,3.0
16265,2.0,3.0
16266,2.0,3.0
16267,1.0,3.0
16268,2.0,3.0
16269,3.0,3.0
16270,3.0,3.0
16271,3.0,3.0
16272,2.0,3.0
16273,2.0,3.0
16274,1.0,3.0
16275,2.0,3.0
16276,3.0,3.0
16280,3.0,3.0
16281,3.0,3.0
16318,3.0,3.0
16319,3.0,4.0
16334,3.0,4.0
16336,4.0,4.0
16338,4.0,3.0
16386,5.0,4.0
16387,5.0,4.0
16389,3.0,4.0
16390,4.0,4.0
16391,5.0,4.0
16392,5.0,4.0
16393,4.0,4.0
16394,3.0,4.0
16395,3.0,4.0
16396,3.0,4.0
16397,4.0,3.0
16398,4.0,4.0
16400,3.0,3.0
16402,4.0,4.0
16403,4.0,4.0
16408,0.0,0.0
16413,3.0,4.0
16414,2.0,3.0
16580,2.0,3.0
16581,2.0,3.0
16590,3.0,3.0
16591,3.0,3.0
16592,3.0,3.0
16593,3.0,3.0
16594,2.0,3.0
16595,4.0,3.0
16596,1.0,3.0
16601,3.0,3.0
16628,2.0,2.0
16629,2.0,3.0
16630,3.0,3.0
16655,2.0,2.0
16676,4.0,3.0
16677,4.0,3.0
16678,3.0,3.0
16680,4.0,3.0
16682,3.0,3.0
16683,4.0,4.0
16684,3.0,3.0
16687,3.0,3.0
16688,3.0,3.0
16689,2.0,2.0
16891,1.0,3.0
16892,3.0,3.0
16895,2.0,4.0
16896,2.0,3.0
16897,3.0,4.0
16898,2.0,3.0
16899,5.0,4.0
16901,4.0,4.0
16902,3.0,4.0
16903,4.0,4.0
16904,2.0,3.0
16905,3.0,3.0
17052,3.0,4.0
17053,3.0,4.0
17056,2.0,3.0
17073,3.0,3.0
17075,2.0,3.0
17077,2.0,3.0
17079,1.0,3.0
17098,3.0,4.0
17134,2.0,4.0
17135,2.0,3.0
17138,3.0,4.0
17139,2.0,3.0
17142,2.0,4.0
17144,2.0,4.0
17146,3.0,3.0
17147,3.0,4.0
17148,2.0,4.0
17149,3.0,4.0
17152,4.0,3.0
17153,3.0,3.0
17154,2.0,3.0
17157,2.0,3.0
17194,3.0,4.0
17195,3.0,3.0
17196,2.0,3.0
17199,4.0,4.0
17200,5.0,4.0
17201,4.0,3.0
17202,1.0,2.0
17411,2.0,3.0
17439,5.0,5.0
17725,4.0,4.0
17727,4.0,4.0
17735,3.0,3.0
17762,3.0,3.0
17766,4.0,3.0
17768,4.0,4.0
18030,5.0,4.0
18031,4.0,4.0
18032,5.0,4.0
18066,3.0,3.0
18088,2.0,2.0
18141,5.0,4.0
18143,4.0,4.0
18145,4.0,3.0
18148,5.0,5.0
18235,4.0,4.0
18249,4.0,4.0
18251,4.0,4.0
18254,5.0,4.0
18277,3.0,3.0
18310,4.0,4.0
18312,4.0,4.0
18316,4.0,4.0
18322,5.0,5.0
18323,5.0,5.0
18335,3.0,4.0
18353,4.0,4.0
18354,2.0,3.0
18363,3.0,4.0
18364,4.0,3.0
18365,4.0,4.0
18367,3.0,3.0
18368,2.0,2.0
18373,4.0,4.0
18374,4.0,3.0
18380,5.0,4.0
18381,3.0,3.0
18382,3.0,3.0
18383,2.0,3.0
18384,4.0,4.0
18385,4.0,4.0
18386,4.0,4.0
18387,3.0,4.0
18390,4.0,4.0
18391,4.0,4.0
18392,3.0,3.0
18394,4.0,4.0
18395,2.0,3.0
18396,3.0,3.0
18397,5.0,4.0
18399,5.0,5.0
18400,5.0,4.0
18404,3.0,3.0
18405,3.0,3.0
18407,2.0,3.0
18408,3.0,3.0
18410,4.0,3.0
18414,4.0,4.0
18416,2.0,3.0
18417,4.0,4.0
18424,4.0,4.0
18426,3.0,3.0
18487,0.0,0.0
18491,3.0,4.0
18496,4.0,4.0
18506,3.0,3.0
18518,4.0,4.0
18546,4.0,4.0
18547,5.0,3.0
18548,5.0,4.0
18558,3.0,3.0
18559,3.0,3.0
18561,4.0,4.0
18562,2.0,3.0
18563,3.0,4.0
18565,2.0,3.0
18584,3.0,3.0
18664,4.0,4.0
18671,3.0,3.0
18674,3.0,3.0
18777,3.0,3.0
18778,4.0,4.0
18852,4.0,4.0
18853,5.0,4.0
18860,5.0,4.0
18864,5.0,4.0
18866,1.0,3.0
18873,4.0,4.0
18874,4.0,4.0
18875,4.0,4.0
18876,4.0,4.0
18877,5.0,5.0
18880,4.0,4.0
18881,3.0,4.0
18889,5.0,5.0
18892,4.0,4.0
18894,3.0,4.0
18895,2.0,3.0
18905,0.0,0.0
18912,4.0,4.0
18913,4.0,4.0
18914,3.0,3.0
18944,2.0,3.0
18947,3.0,3.0
18948,4.0,4.0
18952,4.0,3.0
18953,4.0,4.0
18954,4.0,5.0
18957,2.0,3.0
18959,2.0,3.0
18960,3.0,4.0
18961,3.0,4.0
18966,2.0,3.0
18969,3.0,3.0
19016,3.0,4.0
19039,4.0,4.0
19040,3.0,4.0
19041,3.0,3.0
19042,3.0,3.0
19043,4.0,4.0
19044,4.0,4.0
19045,5.0,4.0
19076,4.0,4.0
19077,3.0,3.0
19078,3.0,3.0
19081,3.0,3.0
19082,5.0,4.0
19083,2.0,3.0
19084,3.0,3.0
19085,5.0,4.0
19086,3.0,2.0
19090,5.0,4.0
19091,3.0,3.0
19142,3.0,3.0
19146,1.0,2.0
19152,3.0,4.0
19195,3.0,3.0
19262,3.0,4.0
19263,4.0,4.0
19264,4.0,4.0
19328,4.0,4.0
19329,3.0,4.0
19330,3.0,4.0
19331,4.0,4.0
19386,4.0,3.0
19387,4.0,4.0
19388,5.0,4.0
19389,4.0,4.0
19390,4.0,4.0
19395,4.0,4.0
19454,3.0,3.0
19486,4.0,4.0
19491,3.0,4.0
19492,2.0,3.0
19493,2.0,4.0
19495,4.0,4.0
19496,4.0,3.0
19498,4.0,4.0
19501,3.0,3.0
19562,4.0,4.0
19563,4.0,4.0
19565,3.0,4.0
19661,0.0,0.0
19662,3.0,4.0
19663,2.0,2.0
19733,3.0,3.0
19823,2.0,2.0
19827,0.0,0.0
19829,3.0,0.0
19830,2.0,3.0
19832,3.0,0.0
19970,4.0,4.0
20037,4.0,4.0
20038,4.0,4.0
20039,4.0,4.0
20040,3.0,4.0
20064,4.0,4.0
20065,4.0,4.0
20071,4.0,4.0
20072,3.0,3.0
20073,4.0,4.0
20121,4.0,4.0
20122,3.0,4.0
20137,4.0,4.0
20190,4.0,4.0
20228,3.0,4.0
20229,4.0,5.0
20234,4.0,4.0
20237,3.0,4.0
20239,4.0,4.0
20262,4.0,4.0
20264,5.0,4.0
20266,3.0,4.0
20270,3.0,4.0
20274,4.0,4.0
20275,0.0,0.0
20306,5.0,4.0
20307,3.0,3.0
20309,2.0,3.0
20384,2.0,3.0
20385,0.0,0.0
20387,3.0,3.0
20392,3.0,3.0
20426,4.0,4.0
20429,4.0,4.0
20530,2.0,3.0
20560,4.0,4.0
20574,2.0,2.0
20577,2.0,3.0
20578,4.0,4.0
20579,3.0,3.0
20580,3.0,3.0
20604,4.0,4.0
20682,2.0,2.0
20683,2.0,2.0
20762,5.0,5.0
20763,5.0,4.0
20764,3.0,4.0
20768,3.0,4.0
20782,3.0,4.0
20783,4.0,3.0
20784,4.0,4.0
20809,3.0,3.0
20841,5.0,4.0
20850,4.0,3.0
20851,3.0,3.0
20853,3.0,2.0
20854,2.0,3.0
20855,4.0,3.0
20856,1.0,2.0
20889,3.0,4.0
20896,4.0,4.0
20899,3.0,4.0
20900,3.0,4.0
20933,3.0,4.0
20938,5.0,4.0
20941,2.0,4.0
20942,4.0,4.0
20943,5.0,5.0
20944,2.0,3.0
20979,4.0,4.0
21080,4.0,4.0
21103,2.0,3.0
21105,2.0,2.0
21111,3.0,3.0
21112,5.0,4.0
21114,3.0,3.0
21158,2.0,3.0
21244,5.0,4.0
21336,2.0,0.0
21440,3.0,3.0
21442,3.0,4.0
21443,3.0,4.0
21450,4.0,4.0
21460,4.0,4.0
21511,3.0,3.0
21514,3.0,3.0
21532,4.0,4.0
21535,4.0,4.0
21540,3.0,4.0
21541,4.0,4.0
21542,4.0,3.0
21543,4.0,3.0
21544,3.0,4.0
21545,4.0,4.0
21546,2.0,4.0
21578,4.0,4.0
21579,5.0,4.0
21580,4.0,4.0
21585,5.0,4.0
21586,5.0,5.0
21587,5.0,4.0
21589,5.0,4.0
21598,5.0,4.0
21600,4.0,4.0
21604,3.0,3.0
21611,2.0,2.0
21615,3.0,4.0
21624,4.0,4.0
21625,5.0,4.0
21626,5.0,4.0
21627,5.0,4.0
21628,3.0,3.0
21629,3.0,3.0
21630,4.0,4.0
21710,5.0,4.0
21711,4.0,4.0
21781,3.0,3.0
21782,4.0,3.0
21784,3.0,4.0
21785,2.0,4.0
21788,2.0,3.0
21789,2.0,3.0
21794,1.0,2.0
21795,2.0,3.0
21796,2.0,3.0
21797,1.0,3.0
21798,2.0,3.0
21799,2.0,3.0
21801,2.0,3.0
21805,3.0,3.0
21806,3.0,4.0
21807,3.0,4.0
21808,4.0,5.0
21811,2.0,4.0
21812,2.0,3.0
21814,3.0,3.0
21815,2.0,3.0
21819,2.0,3.0
21820,2.0,3.0
21822,2.0,3.0
21824,3.0,3.0
21826,4.0,4.0
21846,3.0,3.0
21847,3.0,3.0
21849,0.0,0.0
21850,4.0,4.0
21855,4.0,4.0
21856,3.0,3.0
21860,5.0,4.0
21866,4.0,4.0
21868,4.0,4.0
21869,4.0,4.0
21871,3.0,3.0
21873,2.0,2.0
21874,3.0,3.0
21875,3.0,3.0
21876,2.0,3.0
21879,2.0,2.0
21880,3.0,3.0
21882,2.0,3.0
21884,1.0,2.0
21885,3.0,3.0
21887,2.0,2.0
21890,2.0,3.0
21892,2.0,2.0
21895,3.0,4.0
21896,3.0,3.0
21897,2.0,3.0
21899,3.0,3.0
21971,4.0,4.0
21990,4.0,4.0
21992,4.0,4.0
22000,2.0,3.0
22005,3.0,3.0
22006,3.0,3.0
22007,4.0,3.0
22083,4.0,4.0
22118,4.0,4.0
22129,4.0,4.0
22173,4.0,4.0
22176,3.0,3.0
22178,5.0,5.0
22400,3.0,4.0
22404,5.0,4.0
22407,4.0,4.0
22418,2.0,3.0
22446,4.0,4.0
22451,5.0,5.0
22468,3.0,4.0
22508,4.0,4.0
22532,2.0,3.0
22534,3.0,4.0
22597,3.0,4.0
22658,4.0,4.0
22673,3.0,3.0
22678,5.0,4.0
22837,0.0,0.0
22844,4.0,4.0
22947,4.0,4.0
23051,3.0,3.0
23777,0.0,0.0
23910,4.0,3.0
23947,5.0,4.0
23960,5.0,4.0
23972,5.0,4.0
23976,5.0,4.0
24087,4.0,4.0
24092,2.0,2.0
24668,4.0,4.0
24864,2.0,3.0
24868,4.0,4.0
25140,3.0,0.0
25155,5.0,4.0
25205,3.0,3.0
25783,3.0,4.0
25784,4.0,4.0
25785,4.0,4.0
25789,2.0,3.0
25791,3.0,4.0
25792,3.0,4.0
25793,2.0,3.0
25795,4.0,4.0
25835,5.0,4.0
25864,1.0,2.0
25903,3.0,3.0
25926,4.0,4.0
25949,3.0,3.0
26025,3.0,3.0
26033,5.0,4.0
26129,5.0,5.0
26611,4.0,4.0
26622,2.0,3.0
26668,3.0,4.0
26911,4.0,4.0
26963,4.0,3.0
26978,5.0,4.0
27228,3.0,0.0
27263,4.0,4.0
27290,3.0,3.0
27512,3.0,3.0
27645,0.0,0.0
27649,5.0,4.0
27656,5.0,4.0
27657,5.0,4.0
27673,5.0,4.0
27696,3.0,3.0
27713,2.0,3.0
27733,4.0,3.0
27744,2.0,3.0
27858,4.0,4.0
28323,4.0,4.0
28352,4.0,4.0
28372,4.0,3.0
28509,2.0,4.0
28743,4.0,3.0
28989,4.0,4.0
29106,5.0,4.0
29140,3.0,3.0
29278,2.0,3.0
29354,4.0,4.0
29418,3.0,3.0
29422,2.0,3.0
29456,3.0,3.0
29462,4.0,4.0
29470,5.0,4.0
29475,4.0,4.0
29478,5.0,4.0
29483,4.0,3.0
29489,5.0,4.0
29495,4.0,4.0
29496,3.0,3.0
29510,3.0,3.0
29511,2.0,3.0
29512,3.0,4.0
29513,3.0,4.0
29672,5.0,4.0
29692,4.0,4.0
29693,4.0,4.0
30397,3.0,3.0
30401,3.0,3.0
30438,3.0,4.0
30465,3.0,3.0
30501,4.0,3.0
30580,3.0,3.0
31061,4.0,4.0
31160,5.0,4.0
31171,3.0,4.0
31198,4.0,4.0
31205,3.0,4.0
31206,4.0,4.0
31210,4.0,4.0
31230,3.0,4.0
31234,2.0,3.0
31266,1.0,2.0
31302,5.0,4.0
31381,5.0,4.0
31505,3.0,3.0
31506,4.0,3.0
31850,5.0,4.0
31945,5.0,4.0
31957,5.0,4.0
31958,5.0,5.0
31959,5.0,4.0
31978,3.0,3.0
31979,4.0,3.0
32097,3.0,3.0
32162,2.0,3.0
32832,3.0,3.0
32834,4.0,4.0
32836,5.0,4.0
32844,4.0,4.0
32877,3.0,3.0
32987,2.0,3.0
32990,3.0,3.0
33003,4.0,4.0
33011,4.0,4.0
33013,5.0,4.0
33054,2.0,3.0
33204,4.0,4.0
33205,5.0,4.0
33221,4.0,4.0
33738,5.0,4.0
33784,5.0,4.0
34009,3.0,3.0
34277,5.0,4.0
34592,2.0,3.0
34642,5.0,4.0
34644,5.0,4.0
34646,3.0,3.0
34669,3.0,4.0
34671,5.0,4.0
34677,4.0,4.0
34683,4.0,3.0
34835,1.0,0.0
34838,3.0,4.0
34983,4.0,4.0
34992,5.0,4.0
35074,0.0,0.0
35095,3.0,4.0
35550,5.0,4.0
35912,0.0,0.0
36013,4.0,4.0
36348,4.0,4.0
36356,3.0,4.0
37267,5.0,4.0
37274,4.0,4.0
37777,0.0,3.0
37862,2.0,2.0
38102,4.0,4.0
38202,5.0,5.0
38204,5.0,4.0
38206,4.0,4.0
38208,5.0,4.0
38216,3.0,4.0
38217,3.0,4.0
38231,5.0,4.0
38234,5.0,4.0
38239,4.0,4.0
38246,3.0,3.0
38273,3.0,4.0
38276,0.0,0.0
38283,2.0,2.0
38341,5.0,4.0
38509,5.0,4.0
38594,5.0,4.0
38596,5.0,4.0
38678,3.0,3.0
38881,3.0,4.0
38994,4.0,4.0
39024,4.0,4.0
39087,5.0,4.0
39212,3.0,4.0
39235,2.0,3.0
39238,2.0,2.0
39244,2.0,4.0
39248,3.0,3.0
39269,2.0,3.0
39300,2.0,2.0
39391,2.0,3.0
39393,2.0,3.0
39492,2.0,2.0
39550,4.0,3.0
39715,4.0,4.0
39861,2.0,3.0
40149,4.0,4.0
40152,4.0,4.0
40752,3.0,4.0
40808,3.0,4.0
40980,4.0,3.0
41011,4.0,4.0
41054,3.0,4.0
41057,5.0,4.0
41063,5.0,4.0
41065,2.0,3.0
41069,2.0,3.0
41072,4.0,4.0
41135,4.0,3.0
41238,3.0,4.0
41244,4.0,4.0
41278,4.0,4.0
41324,3.0,4.0
41490,4.0,4.0
41622,4.0,3.0
41624,4.0,4.0
41626,3.0,4.0
41690,3.0,3.0
41766,5.0,5.0
41798,2.0,3.0
41848,5.0,4.0
41849,5.0,4.0
41857,5.0,5.0
41858,5.0,4.0
42040,3.0,4.0
42068,2.0,2.0
42148,5.0,5.0
42461,5.0,4.0
42559,5.0,4.0
42566,4.0,4.0
42574,3.0,4.0
42683,0.0,0.0
42696,4.0,4.0
42963,4.0,3.0
42973,3.0,3.0
43012,4.0,3.0
43016,2.0,2.0
43020,3.0,3.0
43037,2.0,3.0
43044,2.0,3.0
43061,2.0,2.0
43084,2.0,3.0
43086,2.0,3.0
43108,4.0,3.0
43188,4.0,4.0
43222,3.0,3.0
43229,2.0,3.0
43242,2.0,3.0
43463,4.0,3.0
43471,2.0,3.0
43743,2.0,3.0
43759,2.0,3.0
43778,4.0,4.0
43781,4.0,4.0
43788,3.0,3.0
43869,4.0,4.0
43916,5.0,4.0
43917,5.0,4.0
43967,4.0,4.0
44052,1.0,2.0
44076,2.0,4.0
44258,4.0,4.0
44362,4.0,4.0
44363,4.0,4.0
44366,5.0,4.0
44367,5.0,4.0
44369,5.0,4.0
44370,3.0,3.0
44372,4.0,3.0
44374,4.0,4.0
44377,3.0,4.0
44382,5.0,4.0
44418,4.0,3.0
44419,3.0,4.0
44421,4.0,4.0
44461,3.0,4.0
44485,4.0,4.0
44892,4.0,4.0
44893,4.0,4.0
44900,5.0,4.0
44947,4.0,3.0
44951,2.0,3.0
44977,5.0,4.0
44992,3.0,4.0
45003,5.0,4.0
45004,5.0,4.0
45005,4.0,4.0
45008,4.0,4.0
45009,5.0,4.0
45018,4.0,4.0
45020,5.0,4.0
45024,4.0,4.0
45025,4.0,4.0
45027,5.0,4.0
45030,4.0,4.0
45031,4.0,4.0
45038,4.0,4.0
45039,5.0,4.0
45068,4.0,4.0
45070,5.0,5.0
45077,5.0,4.0
45080,4.0,4.0
45102,2.0,2.0
45108,3.0,4.0
45111,4.0,4.0
45157,4.0,4.0
45204,4.0,4.0
45304,3.0,3.0
45328,5.0,4.0
45352,4.0,4.0
45384,4.0,4.0
45477,3.0,3.0
45498,3.0,3.0
45598,3.0,3.0
45605,3.0,4.0
45701,2.0,3.0
45703,2.0,3.0
45711,3.0,3.0
45713,2.0,3.0
45715,2.0,3.0
45815,5.0,4.0
45883,3.0,4.0
45963,4.0,4.0
46588,4.0,4.0
46710,3.0,4.0
46729,3.0,3.0
46742,4.0,4.0
47116,4.0,0.0
47331,2.0,3.0
47333,3.0,3.0
47335,2.0,3.0
47338,5.0,4.0
47339,5.0,4.0
47340,4.0,4.0
47345,4.0,3.0
47358,5.0,5.0
47364,4.0,3.0
47369,4.0,3.0
47370,4.0,3.0
47454,5.0,5.0
47461,5.0,4.0
47740,5.0,4.0
48229,5.0,4.0
48231,3.0,3.0
48237,3.0,4.0
48271,4.0,4.0
48283,0.0,0.0
48285,0.0,0.0
48287,0.0,0.0
48289,0.0,0.0
48292,0.0,0.0
48299,2.0,3.0
48302,3.0,3.0
48915,3.0,3.0
48917,3.0,4.0
48919,5.0,4.0
48921,4.0,4.0
48923,4.0,4.0
48926,4.0,4.0
48944,5.0,4.0
48946,3.0,4.0
48948,4.0,4.0
49472,4.0,4.0
49474,4.0,4.0
49517,3.0,3.0
49673,2.0,3.0
49687,3.0,3.0
49701,4.0,4.0
49756,3.0,3.0
49788,3.0,4.0
49813,4.0,4.0
49818,4.0,4.0
49823,3.0,3.0
49848,5.0,5.0
49910,4.0,4.0
49960,4.0,4.0
50143,4.0,4.0
50198,4.0,4.0
50201,5.0,5.0
50203,3.0,3.0
50384,3.0,0.0
50392,4.0,4.0
50478,5.0,4.0
50538,3.0,0.0
50618,5.0,5.0
50619,5.0,4.0
50620,5.0,4.0
50621,5.0,4.0
50622,5.0,5.0
50623,5.0,5.0
50625,5.0,5.0
50626,5.0,5.0
50627,5.0,5.0
50684,3.0,4.0
50846,4.0,4.0
50852,4.0,3.0
50853,4.0,4.0
50884,1.0,2.0
50886,1.0,2.0
50891,2.0,2.0
50902,4.0,3.0
50913,2.0,3.0
50916,4.0,3.0
50918,2.0,2.0
50920,2.0,3.0
50922,3.0,3.0
50933,3.0,3.0
50935,4.0,4.0
50948,2.0,3.0
51008,4.0,3.0
51042,3.0,4.0
51044,2.0,3.0
51046,5.0,4.0
51289,1.0,2.0
51476,2.0,3.0
51477,4.0,3.0
51558,3.0,3.0
51609,2.0,3.0
51613,3.0,4.0
51618,2.0,3.0
51622,1.0,3.0
51628,3.0,3.0
51638,3.0,4.0
51648,3.0,3.0
51699,4.0,3.0
51941,5.0,4.0
51945,4.0,4.0
52003,4.0,4.0
52044,4.0,4.0
52048,4.0,4.0
52056,3.0,4.0
52070,1.0,3.0
52101,3.0,4.0
52121,4.0,4.0
52125,4.0,4.0
52128,2.0,3.0
52130,3.0,4.0
52136,3.0,4.0
52139,2.0,3.0
52141,3.0,4.0
52142,2.0,4.0
52159,3.0,3.0
52231,3.0,3.0
52238,4.0,3.0
52249,3.0,3.0
52256,4.0,4.0
52258,5.0,4.0
52435,3.0,3.0
52437,3.0,3.0
52442,3.0,3.0
52472,4.0,4.0
52535,3.0,3.0
52852,4.0,3.0
53101,4.0,4.0
53193,2.0,3.0
53202,4.0,4.0
53243,3.0,3.0
53338,1.0,2.0
53522,5.0,5.0
53534,4.0,3.0
53592,0.0,0.0
53596,5.0,4.0
54044,3.0,3.0
54172,4.0,4.0
54396,4.0,3.0
54400,4.0,4.0
54490,4.0,4.0
54494,4.0,4.0
54504,3.0,3.0
54520,4.0,3.0
55026,3.0,2.0
55514,3.0,3.0
55519,3.0,3.0
55521,3.0,3.0
55523,3.0,4.0
55525,3.0,3.0
55811,4.0,4.0
55813,3.0,3.0
55973,3.0,4.0
56030,4.0,4.0
56129,4.0,4.0
56134,4.0,3.0
57604,4.0,4.0
57606,2.0,3.0
57608,4.0,4.0
57638,4.0,4.0
57784,3.0,3.0
57849,2.0,2.0
57852,2.0,2.0
57870,3.0,3.0
57896,4.0,4.0
58075,4.0,4.0
58082,2.0,3.0
58084,3.0,4.0
58092,5.0,4.0
58180,2.0,3.0
58184,0.0,0.0
58188,4.0,4.0
58198,2.0,3.0
58202,4.0,4.0
58274,2.0,3.0
58391,5.0,4.0
58412,4.0,3.0
58506,3.0,4.0
58508,3.0,3.0
58512,2.0,3.0
58518,2.0,3.0
58520,2.0,4.0
58522,3.0,3.0
58524,3.0,4.0
58526,3.0,3.0
58528,1.0,2.0
58588,3.0,4.0
58590,2.0,3.0
58854,4.0,4.0
59103,3.0,4.0
59109,3.0,4.0
59268,2.0,3.0
59272,3.0,3.0
59412,2.0,3.0
59426,3.0,3.0
59453,3.0,4.0
59461,2.0,4.0
59659,3.0,4.0
59696,4.0,3.0
59792,4.0,4.0
59794,5.0,4.0
59994,3.0,4.0
59996,4.0,4.0
59998,2.0,3.0
60006,4.0,4.0
60255,4.0,5.0
60258,4.0,4.0
60288,4.0,4.0
60290,4.0,4.0
60384,4.0,4.0
60406,3.0,3.0
60412,4.0,3.0
60414,4.0,4.0
60418,3.0,3.0
60420,2.0,2.0
60428,1.0,2.0
60430,4.0,3.0
60438,4.0,4.0
60448,4.0,4.0
60462,1.0,2.0
60464,3.0,3.0
60520,2.0,3.0
60538,4.0,3.0
60540,3.0,3.0
60549,3.0,3.0
60560,2.0,3.0
60604,4.0,4.0
60616,4.0,4.0
60624,3.0,4.0
60635,3.0,3.0
60637,2.0,3.0
60656,5.0,4.0
60658,4.0,4.0
60660,1.0,3.0
60670,2.0,3.0
60672,1.0,3.0
60674,2.0,3.0
60740,2.0,3.0
60756,1.0,3.0
60760,2.0,3.0
60762,2.0,3.0
60764,1.0,2.0
60766,2.0,3.0
60768,2.0,3.0
60845,1.0,2.0
60847,0.0,0.0
60886,0.0,0.0
60895,3.0,4.0
60899,5.0,4.0
60900,5.0,5.0
60930,3.0,3.0
60934,4.0,4.0
60936,5.0,3.0
60984,5.0,5.0
60986,2.0,3.0
61024,1.0,3.0
61028,2.0,3.0
61066,4.0,4.0
61074,5.0,4.0
61296,3.0,3.0
61560,4.0,4.0
61592,4.0,4.0
61669,2.0,3.0
61690,4.0,4.0
62083,3.0,4.0
62190,3.0,4.0
62380,2.0,3.0
62382,2.0,3.0
62406,4.0,4.0
62484,4.0,4.0
62486,3.0,3.0
62512,4.0,3.0
62638,4.0,4.0
62674,4.0,4.0
62676,3.0,4.0
62682,2.0,3.0
62694,1.0,2.0
62702,3.0,3.0
62742,4.0,3.0
62779,3.0,4.0
62822,4.0,4.0
62824,2.0,2.0
62841,4.0,4.0
62880,4.0,4.0
62906,3.0,3.0
62936,4.0,4.0
62940,3.0,4.0
62970,3.0,3.0
63045,3.0,3.0
63055,2.0,3.0
63059,3.0,3.0
63062,3.0,3.0
63064,4.0,4.0
63070,4.0,3.0
63313,4.0,4.0
63315,3.0,4.0
63316,3.0,4.0
63381,3.0,3.0
63383,4.0,3.0
63393,4.0,4.0
63455,3.0,3.0
63459,2.0,3.0
63646,4.0,3.0
63832,4.0,4.0
63834,4.0,4.0
63838,4.0,4.0
63840,4.0,4.0
63886,4.0,4.0
63888,4.0,3.0
63890,3.0,3.0
63894,3.0,4.0
63978,3.0,3.0
64026,3.0,3.0
64064,5.0,5.0
64103,5.0,4.0
64114,4.0,4.0
64153,4.0,4.0
64196,2.0,4.0
64210,4.0,3.0
64274,2.0,3.0
64276,3.0,3.0
64284,3.0,4.0
64288,2.0,2.0
64302,2.0,2.0
64518,2.0,3.0
64552,3.0,3.0
64566,3.0,3.0
64594,4.0,4.0
64600,2.0,4.0
64604,3.0,3.0
64642,4.0,4.0
64650,3.0,3.0
64706,4.0,4.0
64710,2.0,3.0
64794,2.0,4.0
64854,3.0,4.0
64898,2.0,3.0
64900,2.0,2.0
65361,5.0,5.0
65424,4.0,4.0
65614,4.0,4.0
65986,4.0,4.0
65987,4.0,4.0
66248,4.0,4.0
66263,3.0,3.0
66274,2.0,2.0
66299,3.0,3.0
66303,3.0,4.0
66305,2.0,3.0
66463,4.0,4.0
66465,5.0,5.0
66655,3.0,3.0
66727,4.0,4.0
66729,5.0,5.0
66747,5.0,4.0
66897,4.0,4.0
66899,2.0,3.0
66903,2.0,3.0
66917,2.0,3.0
66920,4.0,4.0
66926,2.0,3.0
66929,4.0,4.0
66962,3.0,3.0
66966,2.0,3.0
66968,3.0,4.0
66972,4.0,4.0
66981,4.0,4.0
66993,3.0,4.0
66995,5.0,4.0
67013,2.0,3.0
67051,4.0,4.0
67143,3.0,4.0
67249,4.0,4.0
67251,3.0,4.0
67603,3.0,3.0
67813,3.0,3.0
67852,3.0,0.0
68063,1.0,3.0
68065,1.0,2.0
68114,2.0,3.0
68123,5.0,4.0
68180,4.0,4.0
68229,4.0,4.0
68265,1.0,3.0
68313,2.0,3.0
68315,4.0,3.0
68319,2.0,3.0
68321,3.0,4.0
68511,3.0,3.0
68518,3.0,4.0
68522,4.0,3.0
68566,4.0,4.0
68567,3.0,3.0
68829,5.0,4.0
68928,3.0,3.0
69210,2.0,3.0
69318,3.0,3.0
69445,3.0,3.0
69514,5.0,4.0
69516,3.0,3.0
69581,3.0,4.0
69626,2.0,2.0
69628,3.0,3.0
69634,3.0,3.0
69638,3.0,3.0
69747,1.0,3.0
69754,4.0,4.0
69787,5.0,4.0
69868,4.0,4.0
69870,5.0,4.0
69929,2.0,2.0
69931,3.0,3.0
69971,3.0,2.0
69993,3.0,2.0
70114,1.0,2.0
70298,5.0,4.0
70460,2.0,3.0
70522,3.0,3.0
70536,4.0,3.0
70538,1.0,2.0
70584,3.0,4.0
70624,3.0,3.0
70652,2.0,4.0
70706,5.0,4.0
70732,4.0,4.0
70738,4.0,4.0
70771,0.0,0.0
70777,4.0,4.0
70917,1.0,2.0
70981,4.0,4.0
70985,2.0,3.0
71002,3.0,3.0
71011,4.0,3.0
71019,3.0,3.0
71033,3.0,3.0
71035,4.0,3.0
71037,2.0,2.0
71041,3.0,3.0
71043,4.0,4.0
71047,5.0,4.0
71067,3.0,3.0
71069,4.0,4.0
71071,3.0,3.0
71105,2.0,2.0
71115,2.0,3.0
71157,3.0,3.0
71167,4.0,4.0
71419,4.0,4.0
71553,2.0,3.0
71556,3.0,3.0
71562,5.0,4.0
71689,3.0,3.0
71813,4.0,4.0
71816,4.0,4.0
72017,4.0,3.0
72169,5.0,4.0
72417,2.0,2.0
72419,3.0,3.0
72429,4.0,4.0
72594,4.0,3.0
72598,3.0,4.0
72602,3.0,3.0
73132,3.0,3.0
73192,4.0,4.0
73360,4.0,4.0
73420,4.0,4.0
73449,5.0,5.0
73524,4.0,4.0
73944,4.0,4.0
73946,4.0,4.0
73948,4.0,4.0
74060,5.0,4.0
74062,3.0,4.0
74064,4.0,4.0
74066,4.0,4.0
74068,4.0,4.0
74070,4.0,4.0
74082,2.0,2.0
74134,4.0,4.0
74136,4.0,4.0
74215,4.0,4.0
74345,4.0,4.0
74364,3.0,4.0
74366,4.0,4.0
75345,3.0,3.0
75347,2.0,3.0
75355,5.0,4.0
75359,4.0,3.0
79430,4.0,3.0
79567,3.0,3.0
79570,4.0,4.0
79572,4.0,4.0
79576,4.0,4.0
79690,2.0,3.0
80010,4.0,4.0
80037,4.0,3.0
80088,5.0,4.0
80373,4.0,4.0
80379,3.0,4.0
80418,5.0,5.0
80419,3.0,3.0
80420,4.0,4.0
80638,4.0,4.0
80779,4.0,4.0
80827,2.0,3.0
80829,3.0,3.0
80877,3.0,3.0
80886,3.0,4.0
80896,4.0,4.0
80916,0.0,0.0
80922,2.0,2.0
81054,1.0,2.0
81283,4.0,4.0
81294,2.0,3.0
81296,3.0,4.0
81312,3.0,4.0
81358,2.0,3.0
81423,3.0,3.0
81453,2.0,4.0
81516,3.0,3.0
81520,3.0,3.0
81538,4.0,4.0
81544,3.0,4.0
81640,3.0,4.0
81812,2.0,3.0
81817,2.0,3.0
81821,3.0,4.0
81914,2.0,3.0
81923,3.0,3.0
82032,1.0,3.0
82074,3.0,4.0
82077,4.0,4.0
82192,4.0,3.0
82295,3.0,4.0
82336,1.0,2.0
82368,3.0,3.0
82462,3.0,0.0
82494,4.0,4.0
82524,3.0,3.0
82602,4.0,4.0
82605,3.0,3.0
82615,0.0,0.0
82619,2.0,3.0
82654,3.0,4.0
82658,3.0,3.0
82661,3.0,3.0
82689,4.0,4.0
82693,3.0,3.0
82795,2.0,3.0
82799,3.0,4.0
82810,2.0,3.0
82834,5.0,5.0
82840,4.0,4.0
82842,4.0,4.0
82894,2.0,3.0
83005,2.0,3.0
83034,4.0,4.0
83039,3.0,3.0
83052,3.0,3.0
83101,4.0,3.0
83102,3.0,2.0
83124,3.0,0.0
83126,3.0,0.0
83128,3.0,0.0
83132,1.0,3.0
83137,3.0,3.0
83150,0.0,0.0
83152,3.0,3.0
83155,2.0,3.0
83156,2.0,3.0
83158,3.0,3.0
83160,4.0,4.0
83199,3.0,3.0
83210,2.0,3.0
83226,2.0,3.0
83231,3.0,4.0
83280,3.0,3.0
83289,3.0,3.0
83296,3.0,3.0
83302,3.0,3.0
83312,2.0,3.0
83316,3.0,4.0
83318,2.0,3.0
83323,3.0,4.0
83326,0.0,0.0
83328,3.0,4.0
83330,3.0,3.0
83332,3.0,3.0
83344,4.0,4.0
83353,3.0,3.0
83356,3.0,3.0
83358,3.0,3.0
83392,3.0,4.0
83394,3.0,3.0
83402,4.0,4.0
83404,3.0,3.0
83411,3.0,3.0
83415,3.0,3.0
83436,3.0,3.0
83486,5.0,4.0
83532,3.0,3.0
83710,2.0,3.0
83904,5.0,4.0
83906,5.0,5.0
83910,4.0,4.0
83927,2.0,2.0
83929,3.0,3.0
83960,3.0,4.0
83962,2.0,3.0
83964,3.0,3.0
83966,4.0,4.0
83968,2.0,3.0
83970,2.0,3.0
83972,2.0,3.0
83974,3.0,4.0
84006,4.0,3.0
84288,3.0,4.0
84372,4.0,3.0
84374,3.0,3.0
84423,4.0,4.0
84427,5.0,4.0
84526,3.0,3.0
84530,2.0,0.0
84840,3.0,4.0
84854,4.0,4.0
84856,3.0,4.0
84880,4.0,3.0
84985,5.0,5.0
84992,5.0,5.0
85114,4.0,3.0
85124,4.0,4.0
85136,3.0,3.0
85226,2.0,3.0
85260,3.0,4.0
85274,3.0,4.0
85276,3.0,3.0
85320,2.0,3.0
85332,4.0,3.0
85380,3.0,3.0
85402,3.0,3.0
85430,4.0,4.0
85444,3.0,3.0
85458,0.0,0.0
85536,4.0,4.0
85542,3.0,4.0
85584,5.0,4.0
85586,4.0,3.0
85588,4.0,4.0
85635,4.0,4.0
85640,4.0,4.0
85660,2.0,3.0
85688,3.0,3.0
85760,1.0,2.0
85762,1.0,2.0
85783,4.0,4.0
85786,4.0,3.0
85822,4.0,4.0
86244,2.0,3.0
86318,0.0,0.0
86326,3.0,3.0
86360,2.0,2.0
86364,4.0,3.0
86388,2.0,3.0
86446,4.0,4.0
86500,3.0,3.0
86685,0.0,0.0
86712,2.0,3.0
86728,3.0,3.0
86806,3.0,3.0
87193,4.0,4.0
87195,5.0,4.0
87330,0.0,0.0
87396,3.0,4.0
87481,2.0,2.0
87483,3.0,3.0
87487,2.0,2.0
87561,3.0,3.0
87564,5.0,4.0
87582,2.0,3.0
87583,2.0,3.0
87862,3.0,4.0
87958,3.0,3.0
87960,4.0,3.0
88399,5.0,4.0
88652,5.0,4.0
88728,3.0,3.0
89018,2.0,3.0
89022,1.0,3.0
89024,2.0,2.0
89029,2.0,3.0
89240,4.0,4.0
89255,3.0,3.0
89257,3.0,3.0
89267,3.0,3.0
89269,3.0,3.0
89472,4.0,3.0
90004,2.0,3.0
90042,5.0,4.0
90047,5.0,4.0
90053,3.0,3.0
90091,5.0,4.0
90202,5.0,4.0
90361,3.0,3.0
90471,4.0,4.0
90475,5.0,5.0
90677,2.0,3.0
90697,2.0,3.0
90763,3.0,4.0
90773,3.0,4.0
91260,4.0,4.0
91262,4.0,4.0
91284,4.0,4.0
91309,3.0,0.0
91311,1.0,2.0
91323,2.0,3.0
91345,4.0,5.0
91386,4.0,4.0
91495,4.0,4.0
91497,3.0,3.0
91531,4.0,4.0
91533,5.0,4.0
91535,3.0,3.0
91539,4.0,4.0
91545,3.0,4.0
91555,4.0,4.0
91561,3.0,4.0
91649,3.0,4.0
91671,3.0,4.0
91692,5.0,4.0
91738,3.0,4.0
91749,2.0,4.0
91797,3.0,4.0
91799,3.0,3.0
91801,4.0,3.0
91805,3.0,4.0
91814,2.0,3.0
91883,1.0,3.0
91897,5.0,5.0
91899,5.0,4.0
91907,3.0,3.0
91909,3.0,3.0
91941,0.0,3.0
91943,0.0,4.0
91951,3.0,3.0
91969,4.0,4.0
91972,5.0,4.0
91975,4.0,4.0
91999,3.0,3.0
92117,5.0,4.0
92157,4.0,4.0
92167,4.0,4.0
92175,5.0,4.0
92200,5.0,4.0
92255,5.0,4.0
92260,4.0,4.0
92277,3.0,3.0
92279,4.0,4.0
92385,3.0,3.0
92391,3.0,4.0
92400,1.0,2.0
92415,3.0,3.0
92433,0.0,0.0
92444,2.0,3.0
92486,2.0,3.0
92488,2.0,3.0
92591,3.0,3.0
92592,3.0,3.0
92593,4.0,4.0
92594,4.0,3.0
92595,3.0,3.0
92597,3.0,2.0
92601,3.0,3.0
92602,3.0,3.0
92661,3.0,3.0
92687,2.0,3.0
92693,2.0,3.0
92740,3.0,3.0
92761,2.0,3.0
92851,0.0,0.0
92859,3.0,3.0
92861,2.0,3.0
92879,3.0,3.0
92895,4.0,4.0
94033,3.0,4.0
94086,3.0,3.0
94095,4.0,4.0
94098,5.0,4.0
94102,5.0,4.0
94115,5.0,4.0
94175,3.0,4.0
94270,3.0,3.0
94283,4.0,4.0
94286,5.0,4.0
94307,3.0,3.0
94331,2.0,3.0
94451,3.0,3.0
94520,2.0,2.0
94595,2.0,2.0
94641,3.0,3.0
94725,5.0,4.0
94758,5.0,4.0
94821,3.0,3.0
94840,5.0,4.0
94907,4.0,3.0
94923,3.0,4.0
95017,3.0,4.0
95033,4.0,4.0
95037,3.0,4.0
95043,2.0,2.0
95044,3.0,3.0
95050,3.0,3.0
95051,3.0,4.0
95053,3.0,3.0
95055,3.0,3.0
95057,3.0,4.0
95059,2.0,4.0
95104,5.0,4.0
95213,3.0,4.0
95215,3.0,3.0
95315,5.0,4.0
95375,3.0,4.0
95424,2.0,3.0
95462,2.0,2.0
95631,4.0,4.0
95652,2.0,3.0
95667,4.0,4.0
95706,4.0,4.0
95708,3.0,3.0
95731,2.0,4.0
95739,3.0,4.0
95741,2.0,3.0
95743,3.0,3.0
95767,1.0,3.0
95769,2.0,3.0
96020,5.0,4.0
96152,4.0,4.0
96158,3.0,4.0
96181,3.0,4.0
96201,4.0,4.0
96204,5.0,5.0
96347,4.0,4.0
96401,5.0,4.0
96403,4.0,4.0
96405,5.0,4.0
96407,4.0,4.0
96415,3.0,3.0
96429,5.0,4.0
96436,4.0,4.0
96483,5.0,4.0
96497,3.0,4.0
96502,3.0,3.0
96633,4.0,3.0
96675,3.0,4.0
96759,4.0,4.0
96761,4.0,4.0
96775,2.0,0.0
96781,4.0,4.0
96819,4.0,4.0
96839,3.0,3.0
96841,2.0,3.0
96861,3.0,3.0
96874,3.0,3.0
96878,3.0,4.0
96913,3.0,4.0
96949,3.0,4.0
96951,4.0,4.0
96953,4.0,4.0
96955,5.0,4.0
96981,3.0,3.0
97018,5.0,4.0
97021,4.0,4.0
97039,3.0,3.0
97073,3.0,3.0
97099,5.0,4.0
97221,5.0,4.0
97509,5.0,4.0
97617,0.0,0.0
97650,2.0,2.0
97767,4.0,4.0
97778,3.0,3.0
97897,2.0,3.0
98134,2.0,2.0
98305,3.0,4.0
98556,3.0,3.0
98558,2.0,3.0
98560,3.0,3.0
98562,4.0,4.0
98564,2.0,3.0
98609,4.0,4.0
98612,3.0,4.0
98614,2.0,3.0
98616,1.0,3.0
98618,1.0,1.0
98646,3.0,4.0
98657,1.0,3.0
98659,3.0,3.0
98665,2.0,3.0
98667,3.0,3.0
98669,3.0,3.0
98671,1.0,2.0
98918,3.0,3.0
98964,2.0,3.0
98976,4.0,4.0
98982,3.0,4.0
98984,3.0,3.0
98986,4.0,4.0
98990,2.0,3.0
98992,3.0,3.0
98994,2.0,3.0
99022,3.0,4.0
99024,4.0,4.0
99026,3.0,3.0
99028,4.0,4.0
99032,5.0,4.0
99036,5.0,4.0
99038,5.0,5.0
99040,4.0,4.0
99045,2.0,3.0
99076,5.0,4.0
99084,5.0,4.0
99086,3.0,4.0
99088,3.0,4.0
99090,4.0,4.0
99094,4.0,3.0
99096,3.0,3.0
99098,3.0,3.0
99132,2.0,3.0
99189,4.0,4.0
99274,3.0,4.0
99278,4.0,4.0
99287,5.0,4.0
99300,3.0,3.0
99302,4.0,3.0
99306,3.0,3.0
99308,5.0,5.0
99310,5.0,4.0
99340,4.0,4.0
99344,4.0,4.0
99346,3.0,3.0
99363,4.0,3.0
99368,3.0,4.0
99370,3.0,3.0
99397,5.0,4.0
99400,4.0,4.0
99404,5.0,4.0
99406,5.0,4.0
99411,5.0,4.0
99413,5.0,4.0
99416,4.0,4.0
99418,4.0,4.0
99420,4.0,4.0
99423,3.0,4.0
99425,1.0,3.0
99426,3.0,4.0
99444,4.0,4.0
99501,5.0,4.0
99503,3.0,3.0
99567,3.0,4.0
99588,2.0,3.0
99617,3.0,3.0
99630,5.0,4.0
99631,2.0,2.0
99634,3.0,3.0
99638,2.0,2.0
99665,4.0,4.0
99684,3.0,3.0
99686,3.0,3.0
99714,2.0,4.0
99718,3.0,3.0
99722,3.0,4.0
99728,3.0,4.0
99765,2.0,3.0
99800,3.0,4.0
99802,3.0,4.0
99804,3.0,4.0
99806,3.0,4.0
99808,2.0,4.0
99810,2.0,3.0
99822,4.0,4.0
99839,1.0,3.0
99841,2.0,3.0
99843,3.0,3.0
99860,2.0,3.0
99864,4.0,4.0
99870,4.0,3.0
99894,2.0,2.0
99906,2.0,3.0
99916,4.0,4.0
99921,3.0,3.0
100021,4.0,4.0
100024,1.0,2.0
100026,1.0,2.0
100063,4.0,4.0
100071,3.0,4.0
100103,0.0,0.0
100113,3.0,4.0
100148,2.0,3.0
100150,3.0,3.0
100207,5.0,4.0
100244,4.0,4.0
100246,5.0,4.0
100256,5.0,4.0
100260,3.0,3.0
100289,3.0,4.0
100292,3.0,3.0
100344,2.0,3.0
100373,2.0,3.0
100406,5.0,4.0
100412,3.0,4.0
100421,3.0,4.0
100433,5.0,5.0
100450,4.0,5.0
100452,3.0,3.0
100547,2.0,3.0
100589,0.0,0.0
100633,4.0,4.0
100670,4.0,4.0
100690,2.0,3.0
100716,5.0,4.0
100719,3.0,3.0
100763,3.0,3.0
100768,4.0,4.0
100770,2.0,3.0
100772,4.0,4.0
100775,3.0,4.0
100777,3.0,4.0
100778,4.0,4.0
100800,3.0,3.0
100802,4.0,3.0
100804,4.0,4.0
100806,4.0,3.0
100808,3.0,4.0
100816,4.0,4.0
100820,4.0,4.0
100822,2.0,3.0
100866,3.0,4.0
100868,3.0,3.0
100899,4.0,4.0
100900,3.0,4.0
100902,3.0,4.0
100906,2.0,3.0
100916,3.0,4.0
100918,3.0,4.0
100920,4.0,3.0
100928,3.0,3.0
100966,0.0,3.0
101054,3.0,4.0
101064,4.0,4.0
101082,4.0,4.0
101086,3.0,4.0
101092,5.0,4.0
101121,3.0,4.0
101127,3.0,3.0
101129,5.0,4.0
101140,3.0,4.0
101149,5.0,4.0
101153,4.0,4.0
101184,3.0,3.0
101217,3.0,4.0
101219,4.0,4.0
101241,2.0,3.0
101274,5.0,4.0
101278,5.0,4.0
101280,4.0,4.0
101290,3.0,3.0
101300,2.0,4.0
101309,2.0,3.0
101316,4.0,4.0
101338,2.0,3.0
101452,4.0,4.0
101535,2.0,3.0
101554,4.0,4.0
101556,3.0,4.0
101558,3.0,4.0
101606,1.0,3.0
101608,2.0,3.0
101614,1.0,3.0
101620,2.0,3.0
101622,1.0,3.0
101628,3.0,3.0
101639,3.0,3.0
101641,2.0,3.0
101645,2.0,3.0
101651,3.0,3.0
101653,3.0,4.0
101662,3.0,4.0
101666,5.0,4.0
101712,3.0,4.0
101751,4.0,4.0
101762,4.0,4.0
101766,3.0,4.0
101800,3.0,4.0
101830,3.0,3.0
101834,3.0,3.0
101836,3.0,4.0
101844,4.0,4.0
101856,4.0,4.0
101858,3.0,3.0
101892,3.0,3.0
101920,5.0,5.0
101932,4.0,4.0
101936,4.0,3.0
101938,4.0,4.0
101940,3.0,4.0
101942,3.0,4.0
101947,3.0,4.0
101951,3.0,4.0
101984,4.0,4.0
101986,4.0,4.0
101996,2.0,3.0
102038,3.0,4.0
102040,3.0,4.0
102082,3.0,4.0
102084,4.0,4.0
102086,3.0,3.0
102090,4.0,5.0
102092,2.0,3.0
102146,3.0,4.0
102148,3.0,3.0
102150,2.0,3.0
102152,2.0,3.0
102156,3.0,4.0
102158,3.0,4.0
102160,2.0,3.0
102162,3.0,3.0
102164,2.0,3.0
102166,3.0,4.0
102296,4.0,4.0
102302,2.0,2.0
102304,5.0,3.0
102306,4.0,3.0
102308,4.0,3.0
102430,4.0,4.0
102499,4.0,4.0
102530,5.0,4.0
102564,4.0,4.0
102566,3.0,3.0
102576,2.0,3.0
102580,3.0,3.0
102588,2.0,3.0
102590,3.0,4.0
102626,5.0,4.0
102663,5.0,4.0
102665,4.0,4.0
102667,5.0,4.0
102675,2.0,3.0
102702,3.0,3.0
102820,4.0,4.0
102935,3.0,4.0
102944,3.0,4.0
103014,4.0,4.0
103016,3.0,4.0
103018,3.0,4.0
103020,3.0,4.0
103022,3.0,3.0
103027,2.0,4.0
103029,2.0,3.0
103062,4.0,3.0
103301,4.0,4.0
103303,2.0,4.0
103305,2.0,4.0
103307,3.0,3.0
103309,4.0,4.0
103311,3.0,4.0
103346,4.0,4.0
103349,3.0,5.0
103352,2.0,2.0
103358,3.0,3.0
103363,3.0,3.0
103365,4.0,4.0
103370,2.0,2.0
103372,3.0,3.0
103376,4.0,4.0
103377,3.0,3.0
103380,4.0,4.0
103381,2.0,2.0
103385,2.0,3.0
103388,3.0,4.0
103393,4.0,4.0
103398,3.0,4.0
103404,4.0,5.0
103406,3.0,4.0
103408,3.0,4.0
103410,3.0,4.0
103414,2.0,3.0
103430,4.0,4.0
103437,4.0,4.0
103438,4.0,4.0
103439,4.0,5.0
103441,3.0,4.0
103445,4.0,4.0
103447,3.0,4.0
103449,4.0,4.0
103451,3.0,4.0
103453,3.0,3.0
103457,3.0,4.0
103459,4.0,4.0
103461,4.0,4.0
103477,3.0,3.0
103481,4.0,4.0
103494,3.0,4.0
103496,5.0,4.0
103498,4.0,4.0
103566,3.0,2.0
103569,3.0,3.0
103572,4.0,4.0
103576,4.0,4.0
103592,3.0,3.0
103594,3.0,3.0
103596,4.0,4.0
103600,4.0,3.0
103660,4.0,4.0
104018,3.0,4.0
104156,4.0,4.0
104158,4.0,4.0
104204,3.0,3.0
104266,4.0,4.0
104268,3.0,4.0
104270,3.0,3.0
104278,2.0,3.0
104280,3.0,4.0
104282,3.0,4.0
104292,4.0,4.0
104298,2.0,3.0
104300,3.0,4.0
104356,2.0,4.0
104364,3.0,4.0
104366,3.0,4.0
104398,2.0,3.0
104400,1.0,3.0
104444,4.0,4.0
104532,5.0,4.0
104578,4.0,3.0
104584,4.0,3.0
104598,0.0,0.0
104640,2.0,3.0
104802,4.0,4.0
104808,4.0,3.0
104810,2.0,3.0
104812,1.0,3.0
104814,2.0,3.0
105052,2.0,2.0
105074,2.0,3.0
105084,2.0,3.0
105128,3.0,3.0
105130,4.0,3.0
105191,2.0,2.0
105257,2.0,3.0
105272,2.0,3.0
105274,3.0,2.0
105276,3.0,3.0
105344,2.0,2.0
105346,3.0,3.0
105352,3.0,3.0
105390,2.0,4.0
105436,3.0,4.0
105438,2.0,3.0
105440,4.0,4.0
105480,4.0,4.0
105526,4.0,3.0
105575,3.0,3.0
105578,3.0,3.0
105580,2.0,3.0
105648,2.0,3.0
105662,4.0,4.0
105674,3.0,4.0
105780,2.0,3.0
105928,3.0,3.0
106050,2.0,3.0
106052,3.0,4.0
106064,4.0,4.0
106092,2.0,3.0
106093,2.0,3.0
106096,1.0,3.0
106104,4.0,4.0
106167,3.0,4.0
106732,3.0,3.0
107352,1.0,3.0
107356,3.0,4.0
107360,3.0,4.0
107398,3.0,3.0
107428,2.0,3.0
107430,3.0,4.0
107436,3.0,4.0
107438,4.0,4.0
107472,5.0,4.0
107474,4.0,4.0
107476,4.0,4.0
107487,3.0,3.0
107492,4.0,4.0
107495,4.0,4.0
107508,3.0,3.0
107512,3.0,4.0
107516,2.0,3.0
107520,3.0,3.0
107522,3.0,3.0
107548,4.0,4.0
107549,3.0,4.0
107572,4.0,4.0
107716,4.0,4.0
107840,4.0,4.0
107856,5.0,4.0
107892,3.0,4.0
107894,4.0,4.0
107896,5.0,5.0
107903,4.0,4.0
107907,4.0,4.0
108090,3.0,3.0
108262,3.0,4.0
108342,1.0,3.0
108344,3.0,3.0
108348,2.0,3.0
108434,2.0,3.0
108486,4.0,4.0
108584,3.0,3.0
108586,2.0,3.0
108644,4.0,4.0
108648,4.0,4.0
108730,4.0,4.0
109478,5.0,4.0
109552,3.0,3.0
109602,4.0,4.0
109616,3.0,4.0
109618,3.0,4.0
109626,4.0,4.0
109766,2.0,3.0
109768,2.0,2.0
109826,4.0,3.0
109828,5.0,4.0
109873,0.0,4.0
109874,0.0,3.0
109890,4.0,4.0
109893,3.0,3.0
109902,5.0,4.0
109920,2.0,3.0
110144,4.0,4.0
110275,5.0,4.0
110280,4.0,3.0
110358,3.0,3.0
110528,5.0,5.0
110742,2.0,3.0
110744,3.0,4.0
110746,2.0,3.0
110748,2.0,3.0
110830,4.0,4.0
110842,3.0,3.0
110846,4.0,4.0
110854,3.0,3.0
110860,3.0,3.0
110870,3.0,3.0
110876,2.0,3.0
110882,4.0,3.0
110888,3.0,3.0
110900,3.0,3.0
110926,2.0,3.0
110996,2.0,2.0
111100,4.0,4.0
111120,3.0,4.0
111128,5.0,5.0
111300,4.0,3.0
111302,2.0,2.0
111326,4.0,4.0
111378,5.0,4.0
111386,2.0,4.0
111450,4.0,4.0
111658,5.0,5.0
111889,4.0,4.0
111916,3.0,3.0
111954,4.0,4.0
111982,1.0,2.0
111986,1.0,2.0
112034,4.0,4.0
112074,4.0,4.0
112086,2.0,3.0
112088,3.0,3.0
112090,4.0,4.0
112098,3.0,4.0
112100,3.0,3.0
112102,2.0,3.0
112104,2.0,3.0
112106,3.0,3.0
112108,1.0,3.0
112136,2.0,3.0
112192,3.0,3.0
112262,3.0,3.0
112282,3.0,3.0
112290,4.0,4.0
112294,2.0,3.0
112326,2.0,2.0
112330,1.0,2.0
112332,1.0,2.0
112338,1.0,3.0
112350,3.0,2.0
112414,4.0,4.0
112432,4.0,4.0
112478,4.0,4.0
112566,3.0,4.0
112568,5.0,4.0
112572,3.0,4.0
112582,3.0,4.0
112584,3.0,3.0
112586,4.0,4.0
112592,4.0,5.0
112594,4.0,4.0
112596,4.0,4.0
112598,4.0,4.0
112600,4.0,4.0
112606,4.0,4.0
112610,4.0,4.0
112630,4.0,4.0
112656,3.0,4.0
112660,1.0,2.0
112674,2.0,3.0
112676,4.0,4.0
112678,3.0,3.0
112680,5.0,4.0
112688,5.0,4.0
112692,2.0,3.0
112770,4.0,3.0
112794,4.0,4.0
112796,4.0,4.0
112806,3.0,3.0
112818,5.0,4.0
112840,4.0,3.0
112846,3.0,4.0
112872,3.0,3.0
112887,4.0,4.0
112889,4.0,4.0
112893,3.0,3.0
112927,2.0,0.0
112929,2.0,0.0
113030,1.0,0.0
113045,3.0,3.0
113047,2.0,2.0
113050,1.0,2.0
113052,4.0,4.0
113054,2.0,3.0
113056,3.0,4.0
113058,3.0,4.0
113090,3.0,4.0
113100,3.0,4.0
113172,4.0,5.0
113202,3.0,4.0
113279,3.0,4.0
113289,4.0,4.0
113291,5.0,5.0
113293,3.0,3.0
113295,5.0,4.0
113311,3.0,3.0
113365,2.0,3.0
113393,2.0,0.0
113425,3.0,4.0
113469,3.0,4.0
113490,4.0,4.0
113500,5.0,4.0
113504,4.0,4.0
113529,2.0,3.0
113538,4.0,4.0
113555,3.0,4.0
113559,3.0,3.0
113563,3.0,3.0
113565,4.0,3.0
113585,3.0,3.0
113589,2.0,3.0
113604,3.0,4.0
113606,3.0,3.0
113609,4.0,4.0
113615,4.0,4.0
113619,2.0,2.0
113631,4.0,4.0
113645,4.0,4.0
113652,3.0,3.0
113697,2.0,2.0
113703,2.0,3.0
113709,3.0,3.0
113735,4.0,4.0
113737,4.0,3.0
113739,3.0,3.0
113743,3.0,3.0
113783,3.0,3.0
113799,4.0,4.0
113801,3.0,3.0
113809,2.0,3.0
113813,4.0,3.0
113824,3.0,4.0
113832,0.0,0.0
113880,1.0,2.0
113918,4.0,3.0
113937,3.0,3.0
113953,3.0,3.0
113958,3.0,3.0
113974,3.0,3.0
114002,3.0,3.0
114034,4.0,4.0
114051,3.0,4.0
114053,0.0,0.0
114055,3.0,4.0
114061,2.0,3.0
114095,5.0,4.0
114099,3.0,3.0
114101,4.0,4.0
114157,2.0,3.0
114180,2.0,3.0
114182,2.0,3.0
114203,4.0,3.0
114228,4.0,3.0
114360,2.0,2.0
114388,2.0,3.0
114417,4.0,4.0
114419,4.0,4.0
114433,2.0,2.0
114444,4.0,4.0
114552,3.0,4.0
114554,4.0,4.0
114556,4.0,4.0
114558,4.0,4.0
114560,4.0,4.0
114562,3.0,4.0
114564,4.0,4.0
114756,3.0,3.0
114758,3.0,3.0
114844,2.0,3.0
114846,0.0,0.0
114847,0.0,0.0
114850,0.0,0.0
114853,0.0,0.0
114857,0.0,0.0
114858,3.0,3.0
114874,0.0,0.0
114875,0.0,0.0
114876,2.0,3.0
114877,3.0,3.0
114894,2.0,3.0
114907,0.0,0.0
114950,0.0,0.0
114987,4.0,4.0
114989,2.0,3.0
114992,3.0,3.0
115011,4.0,4.0
115013,2.0,3.0
115023,2.0,2.0
115037,3.0,4.0
115070,4.0,4.0
115076,5.0,4.0
115078,4.0,4.0
115080,4.0,4.0
115084,5.0,5.0
115086,5.0,4.0
115088,5.0,4.0
115092,4.0,4.0
115096,4.0,4.0
115098,4.0,4.0
115100,4.0,4.0
115102,5.0,4.0
115106,4.0,4.0
115110,4.0,4.0
115164,0.0,0.0
115250,3.0,3.0
115374,3.0,3.0
115472,4.0,3.0
115542,4.0,5.0
115558,5.0,4.0
115582,4.0,4.0
115616,4.0,4.0
115664,4.0,3.0
115681,2.0,3.0
115686,3.0,3.0
115726,5.0,4.0
115728,4.0,4.0
115794,4.0,4.0
115800,4.0,4.0
115802,5.0,4.0
115870,4.0,4.0
115872,4.0,4.0
115992,3.0,4.0
115994,2.0,3.0
116030,3.0,4.0
116032,4.0,4.0
116066,3.0,4.0
116140,4.0,4.0
116144,4.0,4.0
116188,4.0,4.0
116196,3.0,3.0
116204,3.0,3.0
116216,3.0,3.0
116220,4.0,4.0
116304,4.0,4.0
116324,4.0,4.0
116400,5.0,4.0
116406,4.0,3.0
116408,4.0,4.0
116410,3.0,3.0
116496,5.0,4.0
116498,4.0,4.0
116522,4.0,4.0
116526,4.0,4.0
116532,5.0,5.0
116536,5.0,5.0
116560,2.0,3.0
116566,4.0,4.0
116568,4.0,4.0
116572,5.0,4.0
116574,3.0,3.0
116576,4.0,4.0
116578,4.0,4.0
116580,5.0,4.0
116582,4.0,4.0
116586,5.0,4.0
116588,5.0,4.0
116590,5.0,4.0
116592,5.0,4.0
116594,5.0,4.0
116596,2.0,2.0
116624,4.0,4.0
116632,4.0,4.0
116638,3.0,4.0
116640,3.0,4.0
116642,3.0,3.0
116648,3.0,3.0
116662,3.0,2.0
116680,2.0,3.0
116690,2.0,3.0
116708,4.0,4.0
116720,4.0,4.0
116730,0.0,0.0
116732,4.0,4.0
116734,3.0,4.0
116736,3.0,4.0
116752,4.0,4.0
116754,5.0,4.0
116758,4.0,4.0
116762,3.0,3.0
116764,5.0,4.0
116768,5.0,4.0
116770,3.0,3.0
116776,3.0,3.0
116782,2.0,3.0
116820,4.0,4.0
116832,4.0,3.0
116834,4.0,3.0
116840,4.0,4.0
116842,4.0,4.0
116850,2.0,3.0
116852,4.0,4.0
116854,3.0,4.0
116856,4.0,4.0
116860,3.0,3.0
116862,3.0,4.0
116866,4.0,4.0
116868,3.0,4.0
116870,3.0,4.0
116874,3.0,4.0
116878,4.0,4.0
116882,4.0,4.0
116884,3.0,4.0
116900,4.0,4.0
116914,4.0,4.0
116922,3.0,4.0
116926,5.0,4.0
116928,3.0,4.0
116930,3.0,4.0
116944,5.0,4.0
116962,4.0,4.0
116968,4.0,3.0
117004,4.0,4.0
117042,4.0,4.0
117044,4.0,4.0
117052,4.0,4.0
117058,4.0,4.0
117070,5.0,5.0
117072,5.0,4.0
117076,5.0,4.0
117078,4.0,4.0
117082,4.0,4.0
117088,4.0,4.0
117110,3.0,4.0
117114,3.0,3.0
117128,4.0,4.0
117130,4.0,4.0
117132,5.0,4.0
117348,4.0,5.0
117352,4.0,3.0
117382,4.0,3.0
117492,4.0,4.0
117717,4.0,4.0
118002,4.0,4.0
118016,3.0,4.0
118024,4.0,4.0
118044,3.0,4.0
118051,4.0,4.0
118064,3.0,4.0
118092,4.0,4.0
118096,3.0,3.0
118098,3.0,4.0
118100,3.0,4.0
118120,3.0,3.0
118124,4.0,4.0
118174,4.0,4.0
118180,5.0,5.0
118200,4.0,4.0
118336,3.0,3.0
118382,3.0,3.0
118408,3.0,3.0
118410,3.0,4.0
118412,5.0,4.0
118418,5.0,5.0
118420,4.0,4.0
118444,3.0,4.0
118446,3.0,4.0
118448,4.0,4.0
118466,4.0,4.0
118468,4.0,4.0
118470,3.0,4.0
118472,3.0,3.0
118474,2.0,3.0
118478,3.0,4.0
118534,2.0,2.0
118546,3.0,3.0
118550,2.0,3.0
118564,3.0,3.0
118566,3.0,4.0
118568,3.0,3.0
118630,2.0,3.0
118648,1.0,2.0
118697,3.0,3.0
118910,3.0,3.0
119046,4.0,4.0
119048,3.0,3.0
119072,3.0,3.0
119074,2.0,3.0
119124,3.0,3.0
119126,4.0,4.0
119138,2.0,3.0
119890,3.0,2.0
119894,4.0,3.0
119914,4.0,4.0
119916,5.0,4.0
120064,2.0,0.0
120078,3.0,3.0
120080,4.0,3.0
120084,3.0,3.0
120090,3.0,3.0
120110,4.0,4.0
120114,2.0,3.0
120116,3.0,4.0
120123,3.0,3.0
120201,4.0,4.0
120215,4.0,4.0
120346,4.0,4.0
120379,3.0,4.0
120381,4.0,4.0
120383,3.0,4.0
120385,4.0,4.0
120389,4.0,4.0
120416,5.0,4.0
120439,4.0,4.0
120450,4.0,4.0
120595,3.0,3.0
120599,3.0,3.0
120604,2.0,3.0
120696,3.0,3.0
120725,2.0,3.0
120746,3.0,3.0
120747,3.0,3.0
120749,5.0,4.0
120764,3.0,3.0
120777,3.0,4.0
120803,4.0,4.0
120820,3.0,0.0
120822,2.0,0.0
120830,4.0,4.0
120832,5.0,4.0
120848,3.0,3.0
120922,4.0,4.0
120924,5.0,4.0
120944,1.0,3.0
120983,4.0,4.0
121005,4.0,4.0
121007,4.0,3.0
121011,3.0,3.0
121013,3.0,3.0
121016,4.0,4.0
121018,5.0,4.0
121091,3.0,3.0
121099,4.0,4.0
121105,4.0,4.0
121131,4.0,3.0
121135,2.0,3.0
121170,1.0,3.0
121286,4.0,4.0
121315,2.0,3.0
121317,2.0,3.0
121366,2.0,3.0
121367,3.0,4.0
121376,4.0,3.0
121378,4.0,3.0
121385,4.0,4.0
121387,5.0,4.0
121393,3.0,4.0
121395,3.0,3.0
121401,3.0,4.0
121403,3.0,3.0
121405,3.0,4.0
121411,2.0,2.0
121451,2.0,3.0
121464,4.0,4.0
121466,4.0,4.0
121471,2.0,2.0
121476,0.0,0.0
121478,3.0,4.0
121492,5.0,5.0
121496,4.0,4.0
121504,3.0,4.0
121511,5.0,4.0
121513,4.0,4.0
121532,5.0,4.0
121537,1.0,2.0
121564,2.0,3.0
121578,2.0,3.0
121593,3.0,4.0
121602,3.0,4.0
121604,3.0,4.0
121614,4.0,4.0
121624,3.0,4.0
121626,5.0,4.0
121630,4.0,4.0
121634,5.0,4.0
121636,3.0,4.0
121665,3.0,4.0
121669,4.0,4.0
121677,3.0,4.0
121679,3.0,4.0
121681,3.0,4.0
121700,1.0,2.0
121702,0.0,0.0
121704,4.0,4.0
121706,3.0,3.0
121740,3.0,3.0
121745,2.0,3.0
121746,2.0,3.0
121748,2.0,3.0
121749,3.0,3.0
121779,4.0,4.0
121781,3.0,4.0
121792,2.0,4.0
121794,2.0,3.0
121796,2.0,3.0
121798,3.0,4.0
121824,4.0,4.0
121848,4.0,4.0
121850,4.0,4.0
121852,5.0,4.0
121880,4.0,4.0
121884,4.0,4.0
121888,3.0,4.0
121890,3.0,3.0
121892,3.0,3.0
121932,3.0,4.0
121934,2.0,3.0
121940,4.0,4.0
121954,3.0,4.0
121962,3.0,4.0
122050,3.0,4.0
122052,3.0,4.0
122076,4.0,4.0
122116,3.0,3.0
122122,3.0,4.0
122124,5.0,4.0
122138,3.0,4.0
122150,2.0,3.0
122166,1.0,2.0
122174,2.0,3.0
122204,4.0,4.0
122206,5.0,4.0
122214,5.0,4.0
122220,3.0,3.0
122288,5.0,4.0
122298,3.0,3.0
122308,2.0,3.0
122312,4.0,4.0
122316,4.0,4.0
122320,4.0,4.0
122322,5.0,4.0
122326,3.0,4.0
122330,3.0,4.0
122341,4.0,4.0
122343,4.0,4.0
122354,4.0,4.0
122356,4.0,4.0
122358,4.0,4.0
122360,5.0,5.0
122366,2.0,3.0
122404,3.0,4.0
122406,3.0,3.0
122450,4.0,4.0
122532,2.0,2.0
122534,2.0,2.0
122536,1.0,2.0
122578,4.0,3.0
122584,5.0,4.0
122606,4.0,4.0
122618,3.0,4.0
122628,3.0,3.0
122640,4.0,3.0
122644,3.0,3.0
122660,5.0,4.0
122662,5.0,4.0
122676,4.0,4.0
122746,3.0,3.0
122752,3.0,3.0
122758,3.0,3.0
122813,3.0,0.0
122843,4.0,4.0
122845,4.0,4.0
122892,0.0,0.0
122904,3.0,3.0
122906,3.0,3.0
122908,3.0,4.0
122918,4.0,4.0
122924,3.0,4.0
122934,4.0,4.0
122951,5.0,4.0
122957,5.0,4.0
122960,4.0,4.0
122962,5.0,4.0
123002,4.0,4.0
123052,2.0,4.0
123055,3.0,3.0
123065,5.0,4.0
123067,5.0,4.0
123083,5.0,4.0
123105,4.0,3.0
123116,5.0,4.0
123120,3.0,3.0
123124,4.0,4.0
123128,5.0,4.0
123220,3.0,4.0
123224,2.0,2.0
123230,3.0,3.0
123233,2.0,3.0
123237,2.0,2.0
123275,3.0,3.0
123277,4.0,3.0
123320,3.0,3.0
123330,3.0,4.0
123332,3.0,4.0
123345,4.0,4.0
123394,5.0,5.0
123405,4.0,4.0
123411,3.0,4.0
123425,4.0,4.0
123427,4.0,4.0
123429,4.0,4.0
123492,3.0,3.0
123494,2.0,3.0
123496,5.0,4.0
123502,1.0,2.0
123519,2.0,3.0
123551,4.0,3.0
123553,2.0,2.0
123557,3.0,3.0
123562,2.0,3.0
123567,2.0,3.0
123569,4.0,3.0
123588,3.0,4.0
123613,3.0,3.0
123620,3.0,3.0
123704,3.0,4.0
123729,4.0,4.0
123764,2.0,3.0
123766,3.0,4.0
123775,2.0,3.0
123778,2.0,3.0
123780,2.0,3.0
123782,2.0,3.0
123787,2.0,3.0
123789,2.0,3.0
123791,2.0,3.0
123823,2.0,3.0
123831,4.0,4.0
123850,4.0,4.0
123860,5.0,4.0
123863,2.0,3.0
123864,3.0,4.0
150033,2.0,2.0
150034,3.0,3.0
150039,4.0,5.0
150052,3.0,4.0
150053,3.0,4.0
150085,4.0,4.0
150086,3.0,4.0
150087,3.0,3.0
150088,3.0,3.0
150095,4.0,4.0
150097,3.0,3.0
150098,3.0,3.0
150099,3.0,3.0
150102,2.0,2.0
150104,3.0,4.0
150105,2.0,3.0
150106,3.0,3.0
150112,5.0,4.0
150122,3.0,4.0
150124,4.0,4.0
150125,4.0,4.0
150129,3.0,3.0
150138,0.0,0.0
150151,3.0,3.0
150157,3.0,3.0
150158,4.0,4.0
150159,5.0,4.0
150186,3.0,3.0
150190,2.0,3.0
150201,4.0,4.0
150243,2.0,2.0
150248,1.0,0.0
150254,3.0,4.0
150255,4.0,4.0
150259,3.0,3.0
150263,3.0,3.0
150268,2.0,0.0
150273,3.0,3.0
150291,2.0,2.0
150309,4.0,4.0
150310,2.0,3.0
150311,3.0,3.0
150314,5.0,4.0
150315,4.0,3.0
150316,3.0,3.0
150317,4.0,4.0
150339,1.0,3.0
300118,4.0,4.0
300129,4.0,4.0
300403,3.0,3.0
300518,3.0,3.0
300520,3.0,3.0
300592,3.0,4.0
300595,4.0,5.0
300621,5.0,4.0
300625,4.0,4.0
300635,5.0,4.0
300684,5.0,4.0
300687,5.0,4.0
300700,3.0,4.0
300771,4.0,4.0
300772,4.0,4.0
300774,3.0,4.0
301438,4.0,4.0
301453,4.0,4.0
302197,3.0,3.0
302217,2.0,3.0
302525,4.0,4.0
302540,4.0,4.0
302541,4.0,4.0
303130,4.0,4.0
303135,4.0,4.0
303142,5.0,4.0
303144,3.0,3.0
303149,4.0,4.0
303154,5.0,4.0
303162,3.0,4.0
303167,3.0,4.0
303168,5.0,5.0
303222,4.0,4.0
303400,4.0,4.0
303408,4.0,5.0
303410,3.0,4.0
303567,3.0,3.0
303574,4.0,3.0
303662,4.0,4.0
303673,3.0,4.0
303674,2.0,4.0
304194,4.0,4.0
307827,2.0,3.0
308766,3.0,3.0
311171,3.0,4.0
311300,4.0,4.0
311301,3.0,3.0
311303,3.0,3.0
311310,4.0,4.0
311321,3.0,3.0
311322,3.0,4.0
311426,4.0,4.0
311429,3.0,3.0
311430,4.0,4.0
311443,2.0,3.0
311450,2.0,3.0
311593,4.0,4.0
311610,4.0,3.0
311991,0.0,0.0
311992,0.0,0.0
311994,0.0,0.0
311995,0.0,0.0
312321,3.0,3.0
312323,5.0,4.0
312327,5.0,4.0
312332,4.0,4.0
312333,4.0,4.0
312334,3.0,4.0
312335,4.0,4.0
312555,4.0,4.0
312558,4.0,4.0
312562,5.0,4.0
312577,5.0,5.0
312578,4.0,4.0
312585,4.0,4.0
312588,5.0,4.0
312686,4.0,4.0
312689,4.0,4.0
312700,5.0,5.0
312703,4.0,4.0
312705,4.0,4.0
312812,4.0,4.0
312817,3.0,4.0
312818,3.0,3.0
312834,4.0,4.0
312838,4.0,4.0
312916,4.0,4.0
312945,5.0,4.0
312949,5.0,4.0
312952,5.0,4.0
312962,5.0,4.0
312965,5.0,4.0
312967,5.0,4.0
312975,5.0,5.0
313086,4.0,4.0
313087,4.0,4.0
313092,5.0,4.0
313097,4.0,4.0
313099,4.0,4.0
313100,4.0,4.0
313106,4.0,4.0
313274,4.0,4.0
313278,3.0,4.0
313283,5.0,4.0
313300,3.0,2.0
313303,4.0,3.0
313399,4.0,4.0
313404,3.0,4.0
313406,3.0,4.0
313409,4.0,3.0
313436,4.0,4.0
313577,4.0,3.0
313579,4.0,4.0
313974,4.0,3.0
313976,4.0,4.0
313982,3.0,3.0
313984,0.0,0.0
314089,4.0,4.0
314102,3.0,3.0
314110,4.0,4.0
314111,2.0,3.0
314112,4.0,4.0
314118,3.0,4.0
314128,3.0,4.0
314133,2.0,3.0
314135,3.0,3.0
314218,5.0,4.0
314221,4.0,4.0
314228,4.0,4.0
314230,3.0,4.0
314231,4.0,2.0
314238,4.0,4.0
314239,5.0,5.0
314326,5.0,4.0
314346,4.0,4.0
314348,4.0,4.0
315831,3.0,4.0
315844,1.0,3.0
315876,3.0,4.0
315994,1.0,3.0
317135,2.0,4.0
317148,4.0,4.0
317194,1.0,2.0
317195,2.0,3.0
318336,1.0,2.0
318363,3.0,4.0
318380,2.0,3.0
318876,4.0,4.0
318882,3.0,3.0
319491,2.0,3.0
320064,5.0,4.0
320530,2.0,3.0
320574,2.0,3.0
321624,5.0,5.0
337274,4.0,3.0
338102,2.0,3.0
339024,4.0,4.0
343869,4.0,4.0
343967,3.0,4.0
344367,4.0,4.0
344951,3.0,3.0
348944,4.0,4.0
348948,4.0,4.0
349476,5.0,4.0
352256,4.0,4.0
354400,3.0,4.0
362880,2.0,2.0
382077,3.0,4.0
382876,4.0,4.0
385458,2.0,3.0
391943,2.0,3.0
395215,3.0,3.0
397767,2.0,3.0
399022,3.0,4.0
399026,3.0,3.0
399040,3.0,3.0
399189,4.0,4.0
399346,2.0,3.0
401241,1.0,3.0
401274,4.0,4.0
401276,3.0,4.0
401278,4.0,4.0
402038,3.0,4.0
403022,1.0,3.0
408644,4.0,4.0
409604,2.0,3.0
409616,3.0,3.0
411354,3.0,4.0
416834,2.0,3.0
416922,3.0,4.0
416944,5.0,4.0
417114,1.0,3.0
417130,0.0,0.0
417132,4.0,4.0
417492,5.0,4.0
420416,4.0,4.0
420439,3.0,4.0
423708,3.0,4.0
1029763,3.0,3.0
1032890,5.0,4.0
1068548,5.0,4.0
1077609,2.0,3.0
1077817,4.0,4.0
1078717,5.0,4.0
1078718,4.0,4.0
1078719,5.0,4.0
1079286,2.0,3.0
1081911,4.0,3.0
1081931,4.0,4.0
1083188,5.0,4.0
1083431,2.0,4.0
1083438,2.0,3.0
1083678,3.0,4.0
1083680,4.0,3.0
1084262,2.0,3.0
1084770,3.0,4.0
1084792,3.0,4.0
1084794,3.0,4.0
1084796,4.0,4.0
1084801,4.0,5.0
1100002,3.0,4.0
1100003,4.0,4.0
1100005,4.0,4.0
1100006,4.0,4.0
1100007,4.0,4.0
1100876,4.0,4.0
1100877,2.0,4.0
1100878,2.0,4.0
1100879,4.0,4.0
1100880,2.0,4.0
1100883,3.0,3.0
1101244,3.0,3.0
1101387,3.0,4.0
1101391,4.0,4.0
1101392,3.0,3.0
1101544,3.0,3.0
1101658,3.0,3.0
1101742,4.0,3.0
1101758,5.0,4.0
1101760,5.0,4.0
1101762,5.0,4.0
1101763,5.0,4.0
1101770,5.0,4.0
1101776,4.0,4.0
1102012,2.0,4.0
1102046,3.0,3.0
1102056,0.0,0.0
1102064,4.0,4.0
1102068,5.0,4.0
1102175,3.0,4.0
1102178,3.0,4.0
1102184,4.0,4.0
1102186,3.0,3.0
1102188,4.0,3.0
1102208,3.0,3.0
1102342,5.0,4.0
1102344,4.0,4.0
1102345,5.0,5.0
1102354,4.0,4.0
1102398,5.0,5.0
1102399,5.0,5.0
1102400,5.0,5.0
1102402,5.0,5.0
1102403,5.0,4.0
1102413,4.0,4.0
1102417,4.0,4.0
1102469,5.0,4.0
1102483,4.0,4.0
1102487,0.0,0.0
1102496,4.0,4.0
1102499,3.0,4.0
1102522,4.0,4.0
1102529,2.0,3.0
1102530,5.0,4.0
1102531,3.0,4.0
1102560,3.0,4.0
1102579,4.0,4.0
1102589,3.0,3.0
1102590,4.0,3.0
1102592,4.0,4.0
1102610,4.0,5.0
1102627,4.0,4.0
1102628,4.0,4.0
1102636,4.0,4.0
1102641,2.0,3.0
1102642,2.0,3.0
1102643,3.0,3.0
1102644,3.0,4.0
1102648,2.0,3.0
1102649,4.0,4.0
1102660,4.0,4.0
1102664,4.0,4.0
1102668,3.0,3.0
1102671,5.0,4.0
1102673,3.0,3.0
1102674,4.0,4.0
1102693,3.0,3.0
1102695,4.0,4.0
1102702,3.0,4.0
1102703,3.0,4.0
1102764,2.0,3.0
1102774,4.0,4.0
1102783,2.0,3.0
1102792,4.0,4.0
1102793,3.0,4.0
1102795,3.0,4.0
1102800,3.0,4.0
1102801,2.0,3.0
1102818,3.0,4.0
1102901,4.0,4.0
1102903,4.0,4.0
1102904,4.0,4.0
1102924,3.0,3.0
1102950,4.0,4.0
1102959,3.0,3.0
1102962,2.0,4.0
1102963,3.0,3.0
1102973,4.0,3.0
1102978,4.0,4.0
1102993,4.0,4.0
1102999,3.0,4.0
1103021,5.0,5.0
1103025,4.0,4.0
1103031,2.0,3.0
1103032,4.0,4.0
1103033,4.0,4.0
1103034,3.0,4.0
1103036,4.0,4.0
1103070,5.0,5.0
1103082,5.0,4.0
1103085,4.0,4.0
1103087,4.0,4.0
1103162,2.0,3.0
1103163,2.0,4.0
1103185,3.0,4.0
1103186,2.0,3.0
1103187,3.0,3.0
1103225,4.0,3.0
1103226,4.0,4.0
1103252,3.0,4.0
1103258,4.0,4.0
1103297,3.0,4.0
1103310,2.0,3.0
1103311,3.0,3.0
1103313,3.0,3.0
1103315,2.0,3.0
1103317,2.0,3.0
1103318,4.0,3.0
1103319,2.0,3.0
1103371,2.0,3.0
1103419,0.0,0.0
1103421,0.0,0.0
1103426,3.0,3.0
1103451,5.0,4.0
1103461,3.0,4.0
1103469,1.0,2.0
1103487,3.0,4.0
1103526,2.0,2.0
1103530,2.0,3.0
1103531,3.0,4.0
1103532,4.0,4.0
1103533,3.0,5.0
1103537,4.0,5.0
1103539,3.0,3.0
1103556,2.0,3.0
1103559,3.0,3.0
1103560,3.0,3.0
1103606,4.0,4.0
1103633,5.0,4.0
1103648,3.0,3.0
1103649,2.0,3.0
1103650,4.0,4.0
1103657,4.0,4.0
1103664,4.0,4.0
1103688,4.0,4.0
1103690,3.0,4.0
1103692,3.0,4.0
1103695,3.0,4.0
1103697,4.0,3.0
1103699,4.0,4.0
1103701,4.0,3.0
1103708,3.0,4.0
1103709,4.0,4.0
1103710,3.0,4.0
1103711,3.0,4.0
1103712,2.0,3.0
1103739,3.0,4.0
1103742,3.0,3.0
1103745,2.0,3.0
1103759,2.0,3.0
1103809,3.0,3.0
1103813,3.0,3.0
1103821,3.0,3.0
1103831,4.0,4.0
1103832,2.0,3.0
1103854,2.0,3.0
1103900,2.0,3.0
1103909,3.0,4.0
1103910,2.0,3.0
1103911,2.0,3.0
1103912,2.0,3.0
1103914,2.0,3.0
1103919,2.0,3.0
1104279,3.0,3.0
1104480,2.0,3.0
1105116,3.0,4.0
1105124,3.0,3.0
1105133,3.0,3.0
1105140,3.0,4.0
1105183,3.0,4.0
1105218,2.0,3.0
1105298,3.0,4.0
1105299,2.0,3.0
1105377,3.0,4.0
1105404,4.0,4.0
1105815,4.0,3.0
1105825,0.0,0.0
1105828,3.0,3.0
1105897,3.0,4.0
1105969,4.0,4.0
1105972,4.0,4.0
1105973,4.0,4.0
1105974,4.0,4.0
1106041,4.0,4.0
1106042,4.0,4.0
1106043,4.0,4.0
1106312,4.0,4.0
1106427,1.0,3.0
1106428,2.0,4.0
1106554,3.0,3.0
1106578,3.0,3.0
1106595,2.0,3.0
1106607,2.0,2.0
1106721,2.0,3.0
1106843,5.0,4.0
1106857,3.0,3.0
1106983,3.0,4.0
1107032,4.0,4.0
1107084,3.0,4.0
1107143,3.0,4.0
1107233,5.0,5.0
1107367,4.0,4.0
1107692,4.0,4.0
1107861,4.0,4.0
1108032,2.0,4.0
1108033,4.0,4.0
1108035,4.0,4.0
1108041,4.0,3.0
1108064,4.0,4.0
1108066,4.0,4.0
1108067,4.0,4.0
1108076,4.0,4.0
1108087,4.0,4.0
1108149,5.0,5.0
1108153,4.0,4.0
1108154,4.0,4.0
1108158,4.0,4.0
1108163,5.0,4.0
1108167,4.0,4.0
1108170,4.0,4.0
1109223,3.0,3.0
1109224,4.0,4.0
1109331,4.0,4.0
1109475,4.0,4.0
1109485,4.0,4.0
1109486,4.0,4.0
1109487,5.0,4.0
1109488,4.0,4.0
1109489,4.0,4.0
1109544,4.0,4.0
1110052,3.0,3.0
1110230,3.0,3.0
1110412,3.0,3.0
1110415,4.0,3.0
1110447,3.0,3.0
1110645,3.0,4.0
1110646,4.0,3.0
1110779,3.0,3.0
1110857,0.0,0.0
1110894,5.0,4.0
1110906,5.0,4.0
1111225,4.0,4.0
1111226,4.0,4.0
1111227,3.0,3.0
1111393,2.0,2.0
1111410,4.0,4.0
1111510,3.0,4.0
1111636,2.0,3.0
1111700,5.0,4.0
1111794,0.0,0.0
1111850,4.0,5.0
1111969,3.0,4.0
1111970,5.0,5.0
1111971,4.0,4.0
1112281,4.0,4.0
1112645,4.0,3.0
1112659,4.0,4.0
1112662,2.0,3.0
1112821,4.0,4.0
1112869,4.0,4.0
1112889,3.0,3.0
1112909,4.0,4.0
1112910,5.0,4.0
1112912,4.0,4.0
1112914,4.0,3.0
1112946,3.0,3.0
1112986,2.0,3.0
1113004,4.0,4.0
1113009,3.0,3.0
1113011,4.0,4.0
1113044,3.0,4.0
1113052,5.0,5.0
1113067,3.0,3.0
1113070,4.0,4.0
1113139,5.0,5.0
1113161,5.0,4.0
1113220,3.0,3.0
1113228,4.0,3.0
1113241,3.0,4.0
1113242,4.0,3.0
1113373,2.0,3.0
1113375,2.0,3.0
1113541,5.0,4.0
1113574,4.0,3.0
1113579,0.0,0.0
1113582,0.0,0.0
1113663,3.0,4.0
1113665,4.0,4.0
1113667,1.0,2.0
1113713,4.0,4.0
1113727,4.0,5.0
1113732,4.0,4.0
1113810,5.0,4.0
1113852,2.0,3.0
1113854,2.0,4.0
1113886,5.0,5.0
1114224,4.0,4.0
1114225,4.0,4.0
1114229,5.0,4.0
1114292,3.0,4.0
1114299,3.0,4.0
1114569,3.0,4.0
1114930,3.0,4.0
1116025,4.0,4.0
1116535,4.0,4.0
1116850,3.0,4.0
1116852,4.0,4.0
1116880,4.0,4.0
1116908,4.0,3.0
1116969,4.0,4.0
1117046,4.0,4.0
1117076,3.0,4.0
1117203,3.0,3.0
1117473,0.0,0.0
1117559,3.0,4.0
1117583,4.0,4.0
1117665,5.0,4.0
1117715,2.0,3.0
1117717,2.0,3.0
1117788,2.0,3.0
1117877,3.0,3.0
1117933,3.0,3.0
1118053,4.0,4.0
1118057,4.0,3.0
1118111,4.0,4.0
1118130,1.0,2.0
1118495,5.0,4.0
1118531,3.0,3.0
1119202,5.0,5.0
1120217,4.0,4.0
1120591,4.0,4.0
1120660,4.0,3.0
1120717,3.0,3.0
1121130,4.0,4.0
1121415,3.0,3.0
1122208,4.0,4.0
1122220,5.0,4.0
1122221,5.0,4.0
1122371,4.0,4.0
1122742,2.0,3.0
1122743,3.0,4.0
1122746,4.0,4.0
1122749,4.0,4.0
1122775,2.0,3.0
1122890,5.0,4.0
1122910,4.0,4.0
1122966,5.0,5.0
1123027,3.0,4.0
1123044,3.0,3.0
1123212,3.0,3.0
1123270,3.0,4.0
1125326,5.0,4.0
1125642,5.0,4.0
1125800,3.0,3.0
1125808,3.0,3.0
1125851,3.0,3.0
1125881,4.0,4.0
1125887,4.0,4.0
1125889,3.0,4.0
1125917,2.0,3.0
1125919,3.0,4.0
1125934,3.0,4.0
1125946,2.0,3.0
1125947,2.0,3.0
1125948,3.0,4.0
1126033,4.0,3.0
1126054,4.0,4.0
1126104,3.0,3.0
1126131,4.0,4.0
1126132,4.0,4.0
1126144,4.0,4.0
1126267,3.0,4.0
1126431,3.0,4.0
1126514,4.0,4.0
1126604,5.0,5.0
1126665,2.0,4.0
1126666,4.0,4.0
1126724,2.0,4.0
1126731,2.0,4.0
1126732,5.0,4.0
1126881,3.0,3.0
1126885,1.0,2.0
1126886,3.0,3.0
1126887,3.0,4.0
1126893,2.0,3.0
1126898,3.0,3.0
1126906,4.0,3.0
1126907,3.0,4.0
1126911,2.0,3.0
1126912,3.0,3.0
1126958,4.0,4.0
1126962,4.0,4.0
1127035,3.0,3.0
1127057,3.0,3.0
1127083,3.0,3.0
1127113,2.0,2.0
1127161,2.0,3.0
1127164,3.0,4.0
1127191,4.0,4.0
1127227,3.0,3.0
1127343,3.0,4.0
1127370,5.0,4.0
1127374,2.0,2.0
1127377,3.0,4.0
1127560,1.0,3.0
1127582,2.0,3.0
1127676,2.0,4.0
1127694,4.0,4.0
1127740,3.0,3.0
1127865,3.0,4.0
1127888,4.0,4.0
1127894,3.0,4.0
1127924,3.0,3.0
1127925,3.0,3.0
1127926,4.0,4.0
1127927,3.0,4.0
1127951,4.0,3.0
1127979,3.0,3.0
1127980,3.0,3.0
1127982,3.0,3.0
1127989,4.0,4.0
1128010,2.0,3.0
1128029,3.0,3.0
1128030,3.0,3.0
1128034,0.0,0.0
1128054,2.0,4.0
1128056,4.0,4.0
1128077,2.0,3.0
1128095,2.0,3.0
1128096,3.0,3.0
1128153,4.0,3.0
1128169,5.0,4.0
1128225,0.0,0.0
1128229,2.0,3.0
1128230,4.0,3.0
1128323,5.0,5.0
1128343,4.0,4.0
1128349,4.0,4.0
1128355,4.0,4.0
1128356,4.0,4.0
1128360,4.0,4.0
1128362,3.0,4.0
1128364,4.0,4.0
1128365,5.0,4.0
1128375,4.0,4.0
1128376,4.0,3.0
1128377,4.0,3.0
1128378,4.0,4.0
1128387,3.0,3.0
1128389,4.0,4.0
1128498,4.0,4.0
1128547,3.0,3.0
1128549,3.0,4.0
1128551,4.0,4.0
1128661,4.0,4.0
1128675,4.0,4.0
1128677,4.0,4.0
1128678,5.0,5.0
1128679,5.0,5.0
1128911,4.0,4.0
1128930,3.0,4.0
1128934,5.0,4.0
1128936,2.0,3.0
1128937,2.0,4.0
1128938,4.0,4.0
1128939,2.0,3.0
1128957,3.0,3.0
1129073,3.0,3.0
1129104,3.0,3.0
1129147,4.0,4.0
1129168,3.0,4.0
1129597,2.0,4.0
1129882,4.0,4.0
1131697,4.0,4.0
1132074,5.0,4.0
1132918,4.0,4.0
1133610,3.0,4.0
1134328,5.0,4.0
1134815,2.0,3.0
1134829,3.0,4.0
1135224,3.0,4.0
1135277,4.0,4.0
1135705,3.0,3.0
1136142,4.0,4.0
1136373,3.0,3.0
1136925,2.0,3.0
1137369,2.0,3.0
1137715,4.0,4.0
1137716,3.0,4.0
1137717,4.0,4.0
1137741,3.0,3.0
1138293,5.0,4.0
1138344,5.0,5.0
1138345,5.0,4.0
1138346,4.0,4.0
1138922,4.0,3.0
1139343,2.0,4.0
1139493,3.0,3.0
1139496,3.0,3.0
1139589,3.0,4.0
1139597,3.0,3.0
1139692,4.0,4.0
1139972,3.0,3.0
1139973,4.0,3.0
1140035,5.0,4.0
1140088,4.0,4.0
1140227,4.0,4.0
1141691,2.0,2.0
1141969,3.0,3.0
1142320,4.0,4.0
1142406,3.0,3.0
1142424,4.0,4.0
1142485,4.0,4.0
1142650,4.0,3.0
1144914,4.0,4.0
1145037,3.0,4.0
1146513,4.0,4.0
1146605,4.0,4.0
1146611,3.0,4.0
1146686,2.0,3.0
1146775,3.0,3.0
1146839,3.0,2.0
1146843,4.0,3.0
1146921,2.0,2.0
1147020,3.0,2.0
1147025,2.0,3.0
1147173,0.0,0.0
1147178,5.0,4.0
1147190,2.0,3.0
1147330,2.0,3.0
1147332,4.0,4.0
1147473,3.0,3.0
1147485,4.0,4.0
1147553,4.0,4.0
1147844,4.0,3.0
1148015,4.0,4.0
1148034,4.0,4.0
1148226,3.0,4.0
1148389,3.0,3.0
1148478,1.0,2.0
1148485,2.0,3.0
1149137,2.0,2.0
1149624,2.0,2.0
1149689,4.0,3.0
1149718,2.0,2.0
1149798,3.0,4.0
1149804,3.0,3.0
1149888,4.0,4.0
1149894,3.0,3.0
1149897,3.0,3.0
1149898,3.0,4.0
1150252,4.0,4.0
1150259,4.0,3.0
1150260,4.0,3.0
1150265,4.0,4.0
1150279,3.0,3.0
1150283,4.0,3.0
1150286,4.0,4.0
1150290,3.0,3.0
1150302,3.0,3.0
1150327,3.0,3.0
1150328,3.0,3.0
1150371,4.0,2.0
1150372,2.0,2.0
1150383,4.0,3.0
1150397,4.0,3.0
1150400,3.0,3.0
1150418,4.0,4.0
1150426,5.0,5.0
1150438,4.0,3.0
1150458,3.0,3.0
1150463,4.0,3.0
1150467,4.0,3.0
1150469,5.0,4.0
1150484,4.0,4.0
1150486,2.0,3.0
1150496,4.0,4.0
1150592,3.0,4.0
1150700,4.0,4.0
1150789,5.0,4.0
1150796,4.0,4.0
1150894,0.0,0.0
1150932,3.0,3.0
1150942,4.0,4.0
1151024,2.0,3.0
1151139,3.0,3.0
1151147,3.0,3.0
1151148,2.0,3.0
1151164,4.0,3.0
1151165,2.0,3.0
1151166,3.0,3.0
1151167,2.0,3.0
1151168,1.0,3.0
1151169,2.0,3.0
1151252,3.0,4.0
1151320,2.0,2.0
1151328,2.0,3.0
1151425,2.0,3.0
1151449,3.0,3.0
1151468,4.0,4.0
1151549,3.0,4.0
1151594,2.0,3.0
1151599,2.0,2.0
1151612,2.0,4.0
1151779,3.0,4.0
1151780,3.0,3.0
1151781,2.0,3.0
1152082,2.0,3.0
1152201,3.0,3.0
1152312,2.0,3.0
1152530,3.0,3.0
1152544,3.0,4.0
1152564,3.0,4.0
1152566,2.0,4.0
1152567,3.0,4.0
1152571,4.0,4.0
1152572,3.0,4.0
1152574,3.0,4.0
1152630,5.0,5.0
1152635,4.0,4.0
1152636,3.0,4.0
1152637,4.0,4.0
1152728,4.0,4.0
1152810,2.0,2.0
1152879,3.0,4.0
1152880,3.0,4.0
1152881,2.0,3.0
1152882,4.0,4.0
1153085,3.0,3.0
1153086,4.0,3.0
1153094,2.0,2.0
1153186,3.0,4.0
1153188,3.0,3.0
1153281,4.0,3.0
1153298,2.0,3.0
1153311,3.0,3.0
1153349,2.0,2.0
1153427,4.0,4.0
1153428,3.0,4.0
1153463,4.0,4.0
1153477,4.0,4.0
1153635,4.0,3.0
1153787,4.0,3.0
1153800,3.0,3.0
1153801,3.0,4.0
1153846,1.0,3.0
1153898,3.0,3.0
1153899,1.0,3.0
1153949,4.0,4.0
1153951,4.0,4.0
1153957,2.0,4.0
1153959,2.0,3.0
1153960,3.0,3.0
1153961,3.0,3.0
1154375,2.0,3.0
1154403,4.0,4.0
1154848,3.0,3.0
1154906,3.0,4.0
1155122,4.0,4.0
1155133,4.0,4.0
1155366,3.0,3.0
1155387,3.0,3.0
1155660,3.0,3.0
1155688,2.0,3.0
1155725,2.0,3.0
1155843,3.0,3.0
1156094,3.0,3.0
1156222,2.0,3.0
1156223,3.0,4.0
1156224,5.0,5.0
1156266,3.0,0.0
1156313,2.0,3.0
1156565,3.0,4.0
1156623,3.0,3.0
1156646,3.0,2.0
1156711,3.0,3.0
1156798,3.0,3.0
1156801,4.0,4.0
1156897,3.0,2.0
1156898,2.0,2.0
1157031,4.0,5.0
1157240,3.0,3.0
1157936,3.0,3.0
1158116,3.0,3.0
1158260,2.0,3.0
1158358,3.0,3.0
1158382,2.0,3.0
1158384,3.0,3.0
1158907,0.0,0.0
1158921,4.0,4.0
1158924,5.0,5.0
1159013,4.0,4.0
1159084,3.0,4.0
1159355,3.0,4.0
1159447,3.0,3.0
1159666,3.0,3.0
1159779,5.0,4.0
1159854,4.0,4.0
1160031,5.0,4.0
1160083,3.0,3.0
1160123,3.0,3.0
1160215,2.0,3.0
1160216,3.0,3.0
1160224,4.0,3.0
1160421,4.0,4.0
1160424,3.0,3.0
1160425,2.0,3.0
1160759,1.0,2.0
1160838,5.0,4.0
1160932,2.0,3.0
1160947,4.0,4.0
1160979,3.0,3.0
1160990,4.0,4.0
1161118,3.0,4.0
1161235,3.0,4.0
1161236,4.0,4.0
1161237,4.0,3.0
1161238,4.0,4.0
1161250,2.0,2.0
1161306,4.0,3.0
1161324,2.0,3.0
1161400,5.0,4.0
1161404,3.0,3.0
1161406,5.0,5.0
1161407,3.0,3.0
1161562,3.0,4.0
1161606,3.0,4.0
1161609,4.0,4.0
1161626,0.0,0.0
1161643,4.0,3.0
1161839,4.0,4.0
1161927,3.0,3.0
1161928,3.0,3.0
1162185,3.0,3.0
1162285,2.0,3.0
1162881,4.0,4.0
1163653,5.0,4.0
1163760,3.0,3.0
1163800,3.0,3.0
1163805,4.0,4.0
1164183,3.0,4.0
1164653,4.0,4.0
1164656,3.0,4.0
1165075,2.0,3.0
1165077,3.0,4.0
1165078,3.0,4.0
1165090,4.0,4.0
1165096,4.0,4.0
1166022,3.0,3.0
1166037,4.0,4.0
1166038,4.0,4.0
1166039,3.0,4.0
1166248,4.0,4.0
1166250,4.0,4.0
1166279,4.0,4.0
1166427,4.0,4.0
1166436,4.0,4.0
1166493,2.0,3.0
1166498,4.0,4.0
1166595,4.0,4.0
1166614,4.0,4.0
1166665,2.0,3.0
1166723,5.0,4.0
1166780,2.0,3.0
1166783,3.0,3.0
1166897,3.0,3.0
1166899,2.0,3.0
1167036,3.0,4.0
1167330,3.0,4.0
1167795,4.0,4.0
1167817,3.0,3.0
1167833,4.0,3.0
1167926,3.0,3.0
1167930,2.0,4.0
1167962,3.0,4.0
1167971,4.0,4.0
1167990,3.0,3.0
1168085,3.0,3.0
1168149,3.0,4.0
1168164,3.0,3.0
1168209,4.0,4.0
1168211,4.0,4.0
1168212,3.0,4.0
1168335,2.0,3.0
1168361,2.0,3.0
1168390,3.0,3.0
1168401,4.0,4.0
1168452,5.0,4.0
1168453,3.0,3.0
1168454,3.0,3.0
1168520,3.0,3.0
1168525,2.0,3.0
1168526,1.0,3.0
1168550,3.0,4.0
1168551,4.0,4.0
1168552,2.0,2.0
1168573,2.0,3.0
1168576,4.0,4.0
1168577,4.0,4.0
1168581,3.0,3.0
1168583,2.0,3.0
1168588,3.0,3.0
1168596,4.0,4.0
1168609,3.0,4.0
1168654,4.0,4.0
1168942,0.0,0.0
1172159,3.0,3.0
1172591,4.0,3.0
1172805,3.0,4.0
1173700,3.0,3.0
1173916,4.0,4.0
1174103,4.0,3.0
1174278,4.0,4.0
1174338,3.0,4.0
1174339,2.0,3.0
1174682,0.0,0.0
1174683,3.0,4.0
1174684,2.0,3.0
1175029,2.0,3.0
1175049,3.0,3.0
1175638,2.0,3.0
1175716,4.0,4.0
1175729,2.0,3.0
1175735,1.0,3.0
1177364,4.0,3.0
1177371,4.0,4.0
1177389,2.0,0.0
1177589,3.0,3.0
1178043,4.0,4.0
1178244,4.0,4.0
1178271,2.0,2.0
1178556,4.0,4.0
1178610,3.0,2.0
1178650,4.0,3.0
1178662,3.0,4.0
1178672,3.0,3.0
1178675,5.0,4.0
1178683,3.0,4.0
1178684,4.0,5.0
1178688,5.0,5.0
1178689,5.0,4.0
1178735,3.0,3.0
1178737,4.0,4.0
1178741,4.0,4.0
1178742,3.0,4.0
1178743,4.0,4.0
1178745,3.0,3.0
1178746,4.0,3.0
1178747,3.0,3.0
1178765,2.0,2.0
1178786,4.0,4.0
1178852,2.0,2.0
1178920,5.0,4.0
1178921,3.0,3.0
1179042,4.0,4.0
1179151,3.0,3.0
1179164,2.0,0.0
1179300,4.0,4.0
1179877,2.0,3.0
1179878,2.0,4.0
1180085,4.0,3.0
1180122,3.0,4.0
1180207,5.0,5.0
1180209,3.0,3.0
1180457,4.0,4.0
1180600,4.0,4.0
1180610,3.0,3.0
1180773,0.0,0.0
1180814,4.0,4.0
1181037,3.0,3.0
1181042,3.0,3.0
1181115,2.0,3.0
1181116,2.0,2.0
1181132,2.0,3.0
1181219,3.0,4.0
1181262,3.0,3.0
1181263,4.0,3.0
1181327,4.0,4.0
1181815,3.0,3.0
1181819,3.0,3.0
1182640,2.0,3.0
1182641,2.0,3.0
1182764,3.0,3.0
1182765,2.0,2.0
1182800,5.0,4.0
1183082,4.0,4.0
1183136,0.0,0.0
1183332,4.0,4.0
1183351,5.0,5.0
1183601,4.0,3.0
1183612,4.0,4.0
1183690,4.0,3.0
1183789,2.0,3.0
1183958,4.0,4.0
1183959,4.0,4.0
1184098,4.0,5.0
1184319,4.0,4.0
1184410,4.0,4.0
1184450,3.0,3.0
1184730,2.0,2.0
1185016,3.0,4.0
1185074,3.0,3.0
1185076,5.0,4.0
1185158,3.0,3.0
1185330,4.0,3.0
1185503,5.0,4.0
1185675,3.0,3.0
1185732,4.0,3.0
1185841,4.0,4.0
1185844,4.0,4.0
1185898,5.0,4.0
1185902,2.0,3.0
1186003,2.0,3.0
1186099,4.0,3.0
1186268,3.0,3.0
1187249,3.0,4.0
1187250,4.0,4.0
1187646,4.0,4.0
1187671,2.0,3.0
1187682,4.0,4.0
1187829,5.0,4.0
1187944,3.0,3.0
1188088,4.0,4.0
1188129,4.0,4.0
1188138,4.0,4.0
1188184,3.0,4.0
1188193,3.0,4.0
1188283,3.0,4.0
1188342,3.0,3.0
1188343,3.0,4.0
1188344,2.0,3.0
1188348,4.0,4.0
1188363,3.0,4.0
1188370,4.0,4.0
1188374,2.0,3.0
1188375,3.0,3.0
1188377,4.0,4.0
1188380,5.0,4.0
1188383,3.0,3.0
1188396,4.0,4.0
1188408,3.0,4.0
1188416,3.0,3.0
1188418,3.0,3.0
1188419,2.0,3.0
1188421,2.0,2.0
1188463,3.0,3.0
1188474,4.0,4.0
1188485,3.0,3.0
1188508,3.0,4.0
1188509,2.0,3.0
1188548,3.0,3.0
1188550,3.0,3.0
1188616,1.0,2.0
1188620,2.0,2.0
1188707,3.0,3.0
1188849,2.0,2.0
1188874,4.0,4.0
1188880,4.0,4.0
1188933,4.0,4.0
1189018,5.0,5.0
1189138,2.0,3.0
1189581,3.0,2.0
1189699,3.0,3.0
1189708,2.0,3.0
1189709,2.0,3.0
1189711,2.0,3.0
1189755,3.0,3.0
1189778,5.0,4.0
1189812,3.0,3.0
1189820,2.0,3.0
1189857,3.0,3.0
1189915,4.0,4.0
1189920,3.0,3.0
1190050,3.0,3.0
1190071,3.0,3.0
1190130,4.0,4.0
1190137,3.0,3.0
1190145,2.0,3.0
1190440,4.0,4.0
1190445,4.0,3.0
1190580,3.0,4.0
1190583,3.0,4.0
1190630,3.0,3.0
1190631,2.0,3.0
1191018,4.0,4.0
1191027,4.0,4.0
1191042,3.0,3.0
1191208,4.0,4.0
1191209,4.0,4.0
1191210,3.0,3.0
1191217,4.0,4.0
1191218,3.0,3.0
1191219,3.0,3.0
1191220,4.0,4.0
1191221,2.0,3.0
1191222,3.0,4.0
1191223,4.0,4.0
1191224,3.0,4.0
1191238,0.0,0.0
1191240,2.0,3.0
1191268,2.0,3.0
1191291,3.0,3.0
1191349,3.0,4.0
1191424,4.0,3.0
1191427,5.0,4.0
1191555,5.0,4.0
1191573,3.0,3.0
1191700,4.0,4.0
1192191,2.0,3.0
1192283,2.0,3.0
1192306,4.0,4.0
1192307,4.0,4.0
1192389,3.0,3.0
1192413,5.0,4.0
1192414,4.0,4.0
1192419,4.0,4.0
1193183,3.0,4.0
1193457,2.0,3.0
1194057,0.0,0.0
1200498,3.0,3.0
1200688,4.0,4.0
1200689,4.0,4.0
1200690,2.0,3.0
1202223,2.0,3.0
1202232,3.0,3.0
1202546,4.0,4.0
1202553,5.0,4.0
1202573,5.0,4.0
1202588,4.0,4.0
1203116,4.0,4.0
1203646,3.0,4.0
1204018,3.0,4.0
1204156,4.0,4.0
1204176,5.0,4.0
1204220,4.0,4.0
1204358,2.0,3.0
1204641,4.0,4.0
1204989,5.0,4.0
1205199,3.0,4.0
1205389,3.0,3.0
1205622,4.0,4.0
1205729,3.0,3.0
1206391,2.0,3.0
1206568,3.0,3.0
1206881,3.0,3.0
1206892,3.0,4.0
1208279,2.0,2.0
1208951,2.0,3.0
1209150,5.0,3.0
1209155,3.0,3.0
1210130,4.0,4.0
1212035,2.0,3.0
1212121,4.0,4.0
1212124,5.0,4.0
1212262,3.0,4.0
1212263,4.0,4.0
1212284,5.0,4.0
1212462,2.0,3.0
1213054,3.0,3.0
1213280,3.0,3.0
1213442,4.0,3.0
1213916,2.0,0.0
1214129,2.0,3.0
1214163,3.0,3.0
1214165,2.0,2.0
1214190,3.0,3.0
1214209,4.0,3.0
1214441,4.0,4.0
1214442,3.0,3.0
1214613,3.0,2.0
1214936,5.0,4.0
1214937,3.0,4.0
1214938,4.0,4.0
1215132,3.0,3.0
1215159,3.0,4.0
1215490,3.0,3.0
1215823,1.0,2.0
1216210,4.0,4.0
1216224,3.0,3.0
1216229,5.0,4.0
1216474,5.0,4.0
1257429,2.0,3.0
1257430,3.0,3.0
1257438,3.0,4.0
1257562,4.0,3.0
1257777,3.0,3.0
1258695,2.0,2.0
1258744,2.0,3.0
1258759,3.0,3.0
1258790,4.0,4.0
1258798,3.0,4.0
1258814,1.0,2.0
1258915,3.0,4.0
1258919,3.0,3.0
1259131,3.0,4.0
1259168,3.0,3.0
1259305,4.0,4.0
1259381,0.0,0.0
1259974,4.0,4.0
1260196,3.0,3.0
1260216,5.0,4.0
1260286,3.0,4.0
1260299,3.0,4.0
1260304,5.0,4.0
1260313,3.0,3.0
1260317,4.0,4.0
1260322,3.0,3.0
1260434,5.0,4.0
1260723,3.0,3.0
1260936,4.0,4.0
1261051,4.0,4.0
1261052,3.0,3.0
1261230,4.0,4.0
1261310,3.0,3.0
1261499,4.0,4.0
1261756,3.0,4.0
1261971,5.0,4.0
1261972,4.0,3.0
1262022,0.0,0.0
1262277,2.0,3.0
1262435,3.0,3.0
1262444,5.0,4.0
1262447,0.0,0.0
1262450,3.0,4.0
1262452,3.0,3.0
1262454,4.0,4.0
1262461,4.0,5.0
1262485,0.0,0.0
1262709,5.0,5.0
1262710,4.0,4.0
1262713,5.0,5.0
1262856,4.0,4.0
1263181,5.0,4.0
1263591,2.0,3.0
1263648,4.0,3.0
1263897,5.0,4.0
1264046,5.0,5.0
1264288,4.0,4.0
1264305,3.0,3.0
1264321,4.0,5.0
1264622,4.0,4.0
1264844,5.0,4.0
1264907,4.0,3.0
1264959,4.0,3.0
1264960,2.0,0.0
1265002,1.0,3.0
1265146,3.0,3.0
1265319,3.0,3.0
1265365,3.0,3.0
1265414,4.0,4.0
1265453,2.0,3.0
1265863,1.0,3.0
1265866,4.0,4.0
1265870,3.0,3.0
1266098,2.0,3.0
1266270,3.0,4.0
1266425,4.0,4.0
1266526,5.0,5.0
1266647,4.0,4.0
1266787,4.0,4.0
1266886,5.0,4.0
1266965,4.0,4.0
1266966,3.0,3.0
1266967,4.0,4.0
1267239,3.0,0.0
1267282,5.0,5.0
1267290,3.0,3.0
1267516,4.0,4.0
1267522,4.0,3.0
1267543,3.0,3.0
1267553,4.0,4.0
1267596,5.0,5.0
1268136,3.0,3.0
1268162,0.0,0.0
1268163,4.0,4.0
1268172,3.0,4.0
1268176,2.0,3.0
1268177,2.0,3.0
1268219,5.0,4.0
1268254,2.0,3.0
1268283,5.0,5.0
1268388,5.0,4.0
1268525,3.0,3.0
1268536,3.0,3.0
1268539,3.0,3.0
1268556,3.0,4.0
1268558,2.0,3.0
1268562,2.0,2.0
1268596,4.0,4.0
1268972,5.0,5.0
1269544,1.0,2.0
1269545,3.0,3.0
1269879,3.0,3.0
1269969,2.0,3.0
1269970,2.0,3.0
1269978,4.0,4.0
1269997,0.0,0.0
1270010,4.0,4.0
1270057,3.0,4.0
1270062,4.0,4.0
1270221,4.0,4.0
1270223,4.0,4.0
1270224,4.0,4.0
1270226,5.0,4.0
1270232,4.0,4.0
1270234,4.0,4.0
1270238,5.0,5.0
1270305,4.0,4.0
1270310,4.0,4.0
1270313,2.0,3.0
1270315,3.0,3.0
1270326,2.0,3.0
1270327,2.0,3.0
1270371,5.0,5.0
1270372,5.0,5.0
1270376,5.0,5.0
1270379,4.0,4.0
1270380,3.0,4.0
1270381,3.0,4.0
1270382,4.0,4.0
1270437,5.0,4.0
1270438,5.0,4.0
1270439,4.0,4.0
1270446,0.0,0.0
1270465,2.0,3.0
1270468,2.0,3.0
1270469,3.0,4.0
1270472,3.0,4.0
1270473,2.0,3.0
1270474,1.0,3.0
1270476,2.0,3.0
1270482,2.0,3.0
1270499,4.0,4.0
1270501,4.0,4.0
1270505,3.0,4.0
1270509,5.0,5.0
1270511,5.0,4.0
1270512,4.0,5.0
1270538,3.0,4.0
1270596,3.0,4.0
1270621,4.0,4.0
1270650,3.0,3.0
1270651,3.0,4.0
1270672,2.0,4.0
1270673,3.0,3.0
1270674,3.0,3.0
1270678,0.0,0.0
1270679,1.0,2.0
1270680,0.0,0.0
1270681,0.0,0.0
1270683,1.0,3.0
1270689,3.0,3.0
1270701,3.0,3.0
1270725,4.0,4.0
1270727,4.0,4.0
1270730,4.0,4.0
1270731,4.0,4.0
1271848,4.0,4.0
1272009,4.0,4.0
1272012,5.0,4.0
1272016,4.0,3.0
1272017,4.0,4.0
1272018,4.0,4.0
1272079,4.0,4.0
1272127,3.0,4.0
1272128,0.0,0.0
1272129,3.0,3.0
1272855,2.0,4.0
1272856,3.0,4.0
1272861,2.0,4.0
1272863,4.0,4.0
1272864,2.0,4.0
1276125,3.0,4.0
1276128,2.0,2.0
1276154,3.0,4.0
1276399,4.0,3.0
1276400,5.0,4.0
1276401,5.0,4.0
1276403,5.0,5.0
1276404,4.0,4.0
1276407,4.0,4.0
1276409,2.0,3.0
1276411,4.0,3.0
1276412,2.0,3.0
1276413,2.0,3.0
1276563,5.0,5.0
1276595,5.0,5.0
1276878,4.0,3.0
1276879,4.0,4.0
1278626,3.0,4.0
1278713,4.0,4.0
1278733,5.0,4.0
1278853,5.0,4.0
1278854,3.0,4.0
1278855,3.0,4.0
1278856,4.0,4.0
1278877,3.0,3.0
1278881,5.0,5.0
1278988,4.0,4.0
1279069,0.0,0.0
1279095,3.0,3.0
1279127,3.0,4.0
1279331,4.0,4.0
1279381,3.0,4.0
1279598,3.0,3.0
1279599,3.0,4.0
1279922,4.0,4.0
1280040,4.0,4.0
1280090,3.0,4.0
1280246,4.0,4.0
1280408,4.0,4.0
1280431,4.0,4.0
1280435,4.0,3.0
1280561,4.0,4.0
1281070,3.0,4.0
1282843,3.0,4.0
1282844,4.0,4.0
1283114,2.0,4.0
1284534,3.0,3.0
1284716,4.0,4.0
1284835,3.0,4.0
1284898,2.0,4.0
1284901,3.0,4.0
1284904,3.0,4.0
1284905,2.0,3.0
1285018,3.0,4.0
1285020,3.0,4.0
1285254,5.0,5.0
1285338,4.0,5.0
1285517,4.0,4.0
1286381,3.0,3.0
1286473,4.0,3.0
1286732,3.0,3.0
1287157,0.0,0.0
1287475,4.0,4.0
1287599,1.0,2.0
1288270,4.0,4.0
1288831,4.0,4.0
1288838,2.0,4.0
1288839,2.0,3.0
1288845,3.0,4.0
1292568,4.0,4.0
1292614,3.0,4.0
1292684,4.0,4.0
1292698,4.0,5.0
1292701,4.0,4.0
1292702,3.0,4.0
1292713,4.0,4.0
1292725,3.0,3.0
1292726,4.0,4.0
1292727,3.0,3.0
1292728,3.0,3.0
1292731,3.0,4.0
1292764,3.0,4.0
1292765,3.0,4.0
1292766,2.0,4.0
1292767,3.0,4.0
1292869,5.0,4.0
1292872,5.0,4.0
1292902,2.0,3.0
1292924,0.0,0.0
1292964,4.0,3.0
1293060,2.0,2.0
1294715,2.0,3.0
1295064,4.0,4.0
1295066,3.0,3.0
1295548,4.0,4.0
1295581,3.0,3.0
1297373,5.0,5.0
1297385,5.0,5.0
1298902,5.0,5.0
1298971,4.0,4.0
1298972,4.0,4.0
1298973,4.0,4.0
1299196,2.0,3.0
1299197,3.0,3.0
1299203,4.0,4.0
1299293,3.0,3.0
1299927,3.0,4.0
1299931,5.0,4.0
1299933,4.0,4.0
1299935,5.0,5.0
1299936,4.0,4.0
1300011,3.0,4.0
1300074,5.0,4.0
1300116,3.0,4.0
1300165,2.0,2.0
1300166,0.0,0.0
1300177,3.0,4.0
1300180,4.0,4.0
1300254,5.0,4.0
1300317,4.0,4.0
1300375,0.0,0.0
1300426,0.0,0.0
1300427,5.0,5.0
1300429,4.0,4.0
1300456,4.0,4.0
1300467,2.0,3.0
1300503,4.0,4.0
1303511,0.0,0.0
1303607,4.0,4.0
1303882,5.0,4.0
1303971,0.0,0.0
1304097,3.0,4.0
1304099,4.0,4.0
1304108,5.0,4.0
1304118,3.0,3.0
1304510,4.0,4.0
1304557,4.0,4.0
1304669,1.0,3.0
1304843,3.0,4.0
1304846,5.0,5.0
1304865,3.0,4.0
1305224,3.0,4.0
1305225,0.0,0.0
1305265,0.0,0.0
1306686,5.0,5.0
1307282,4.0,4.0
1307311,5.0,4.0
1307325,3.0,3.0
1308687,3.0,3.0
1308826,3.0,4.0
1309100,5.0,5.0
1309584,4.0,4.0
1309618,3.0,4.0
1310880,4.0,4.0
1310955,3.0,3.0
1312023,3.0,3.0
1312047,4.0,4.0
1312197,5.0,5.0
1312211,5.0,5.0
1312227,4.0,4.0
1312315,2.0,3.0
1312986,3.0,3.0
1313065,2.0,3.0
1313148,2.0,3.0
1313149,2.0,3.0
1313150,3.0,3.0
1313151,3.0,3.0
1313153,3.0,4.0
1313155,4.0,4.0
1313156,4.0,4.0
1313158,3.0,4.0
1313165,3.0,3.0
1313167,4.0,3.0
1313168,4.0,3.0
1313169,2.0,3.0
1313170,3.0,3.0
1313171,4.0,4.0
1313172,3.0,4.0
1313173,4.0,3.0
1313174,4.0,4.0
1313175,3.0,4.0
1313176,4.0,5.0
1313179,3.0,3.0
1313180,1.0,3.0
1313181,2.0,3.0
1313182,4.0,4.0
1313184,3.0,4.0
1313185,3.0,4.0
1313186,2.0,3.0
1313187,3.0,3.0
1313188,3.0,3.0
1313190,4.0,3.0
1313191,2.0,2.0
1313192,4.0,4.0
1313213,3.0,3.0
1313220,3.0,3.0
1313222,3.0,3.0
1313223,3.0,4.0
1313224,4.0,4.0
1313254,3.0,4.0
1313259,4.0,4.0
1313270,3.0,3.0
1313285,3.0,3.0
1313294,3.0,3.0
1313301,3.0,3.0
1313303,4.0,4.0
1313307,4.0,4.0
1313326,3.0,4.0
1313340,3.0,3.0
1313355,3.0,3.0
1313360,3.0,4.0
1313361,3.0,4.0
1313407,3.0,3.0
1313441,3.0,5.0
1313442,3.0,3.0
1313443,4.0,4.0
1313445,4.0,4.0
1313446,4.0,4.0
1313475,5.0,4.0
1313476,4.0,4.0
1313521,4.0,4.0
1313944,3.0,3.0
1313968,3.0,3.0
1313979,2.0,3.0
1314126,2.0,3.0
1314210,2.0,2.0
1314243,3.0,3.0
1314244,2.0,3.0
1314255,2.0,3.0
1314351,4.0,4.0
1314353,2.0,3.0
1314357,3.0,3.0
1314376,4.0,3.0
1314413,3.0,3.0
1314420,4.0,4.0
1314430,4.0,4.0
1314431,0.0,0.0
1314433,3.0,3.0
1314434,2.0,3.0
1314436,4.0,4.0
1314990,3.0,3.0
1314993,4.0,4.0
1314994,4.0,4.0
1315343,3.0,3.0
1315430,3.0,3.0
1315485,3.0,4.0
1315863,5.0,4.0
1316021,3.0,3.0
1316022,2.0,4.0
1316056,4.0,4.0
1318223,2.0,2.0
1318224,2.0,3.0
1319229,5.0,4.0
1319230,3.0,3.0
1319231,5.0,4.0
1321288,4.0,4.0
1321291,4.0,4.0
1321319,3.0,3.0
1321321,2.0,3.0
1321322,2.0,3.0
1321326,3.0,3.0
1321331,3.0,3.0
1321332,3.0,4.0
1321335,3.0,3.0
1321347,4.0,3.0
1321453,3.0,4.0
1321454,2.0,3.0
1321455,4.0,5.0
1321484,3.0,4.0
1321494,4.0,4.0
1321515,3.0,4.0
1321542,3.0,3.0
1321567,4.0,4.0
1321651,3.0,3.0
1321684,4.0,4.0
1321685,5.0,5.0
1321686,4.0,4.0
1321766,4.0,3.0
1321864,3.0,3.0
1321907,3.0,3.0
1321936,5.0,5.0
1321965,3.0,3.0
1322605,5.0,4.0
1322704,4.0,4.0
1323576,2.0,3.0
1323760,3.0,3.0
1324509,4.0,4.0
1327250,2.0,2.0
1327317,5.0,5.0
1327336,2.0,3.0
1327340,2.0,3.0
1327358,3.0,3.0
1327403,0.0,0.0
1327404,4.0,5.0
1327406,4.0,5.0
1327439,3.0,3.0
1327469,5.0,5.0
1327473,4.0,4.0
1327484,2.0,2.0
1327495,4.0,4.0
1327498,4.0,4.0
1327499,5.0,4.0
1327515,2.0,3.0
1327516,4.0,3.0
1327517,2.0,2.0
1327518,2.0,2.0
1327519,2.0,3.0
1327522,2.0,3.0
1327523,1.0,2.0
1327524,2.0,2.0
1327560,3.0,2.0
1327613,3.0,4.0
1327614,3.0,3.0
1328737,4.0,4.0
1328771,1.0,1.0
1330005,4.0,4.0
1330027,4.0,4.0
1330028,4.0,3.0
1330077,2.0,0.0
1330110,3.0,3.0
1330118,4.0,4.0
1330186,4.0,4.0
1330187,3.0,3.0
1330232,4.0,4.0
1330301,4.0,4.0
1330337,4.0,4.0
1330338,4.0,3.0
1330339,0.0,0.0
1330342,0.0,0.0
1330343,1.0,2.0
1330344,0.0,0.0
1330347,4.0,4.0
1330352,2.0,3.0
1330365,3.0,4.0
1330366,2.0,4.0
1330368,3.0,4.0
1330369,3.0,4.0
1330370,2.0,3.0
1330371,3.0,3.0
1330372,4.0,4.0
1330373,3.0,4.0
1330384,3.0,3.0
1330463,4.0,3.0
1330648,4.0,4.0
1330814,3.0,4.0
1330818,3.0,3.0
1330896,2.0,3.0
1331001,3.0,0.0
1331611,3.0,3.0
1332695,2.0,3.0
1333077,3.0,4.0
1333090,3.0,4.0
1333092,2.0,3.0
1333201,4.0,4.0
1333652,2.0,0.0
1334005,3.0,4.0
1334009,5.0,5.0
1334010,0.0,0.0
1335611,4.0,3.0
1335623,2.0,3.0
1335739,3.0,3.0
1337241,4.0,4.0
1338270,3.0,3.0
1338870,3.0,4.0
1340989,4.0,4.0
1341006,3.0,4.0
1341190,4.0,3.0
1341196,2.0,3.0
1341227,2.0,3.0
1341230,3.0,3.0
1341231,3.0,3.0
1341233,3.0,3.0
1341234,3.0,3.0
1341251,2.0,3.0
1341255,3.0,4.0
1341342,3.0,3.0
1341343,3.0,3.0
1341347,4.0,4.0
1341351,5.0,4.0
1341352,5.0,4.0
1341371,4.0,5.0
1342407,4.0,4.0
1342408,3.0,3.0
1342409,2.0,3.0
1342445,3.0,3.0
1342448,4.0,3.0
1342455,3.0,3.0
1342459,4.0,4.0
1342497,2.0,2.0
1342504,1.0,2.0
1342523,4.0,4.0
1342611,3.0,3.0
1342612,4.0,3.0
1342617,5.0,4.0
1342673,2.0,3.0
1342674,3.0,3.0
1342685,2.0,1.0
1342686,3.0,2.0
1342766,4.0,3.0
1342973,3.0,3.0
1343136,3.0,3.0
1343342,2.0,3.0
1343350,3.0,4.0
1349101,3.0,3.0
1349105,4.0,4.0
1349106,3.0,3.0
1349108,4.0,4.0
1349112,4.0,3.0
1349165,2.0,2.0
1349296,5.0,4.0
1349405,3.0,3.0
1350324,2.0,3.0
1350689,3.0,2.0
1350695,3.0,3.0
1350699,2.0,3.0
1350703,1.0,2.0
1351144,0.0,0.0
1351543,3.0,4.0
1352592,3.0,3.0
1353994,1.0,0.0
1353996,2.0,2.0
1354319,3.0,3.0
1354738,3.0,3.0
1357571,3.0,3.0
1357714,4.0,4.0
1357859,2.0,3.0
1358001,3.0,3.0
1363725,3.0,3.0
1363726,4.0,4.0
1363756,3.0,3.0
1363761,5.0,4.0
1363832,4.0,4.0
1363950,5.0,5.0
1363952,5.0,5.0
1364108,4.0,4.0
1364271,3.0,4.0
1364273,3.0,4.0
1364335,3.0,3.0
1364338,2.0,3.0
1364464,3.0,3.0
1364469,4.0,4.0
1364594,4.0,5.0
1364837,0.0,0.0
1365039,4.0,5.0
1365040,4.0,4.0
1365444,4.0,4.0
1365768,4.0,3.0
1366344,3.0,4.0
1366556,3.0,4.0
1366640,3.0,3.0
1366648,4.0,4.0
1366964,4.0,4.0
1366966,3.0,4.0
1366967,5.0,5.0
1366970,4.0,4.0
1367391,4.0,4.0
1367868,2.0,0.0
1367989,3.0,3.0
1368246,2.0,2.0
1368260,1.0,2.0
1369296,3.0,3.0
1370467,3.0,4.0
1370719,4.0,3.0
1371335,3.0,3.0
1374756,4.0,4.0
1375236,3.0,3.0
1375237,4.0,4.0
1375422,2.0,3.0
1375423,2.0,3.0
1375424,3.0,3.0
1375996,3.0,3.0
1375997,3.0,3.0
1375998,3.0,3.0
1376000,3.0,3.0
1376002,2.0,3.0
1376003,3.0,3.0
1376006,3.0,3.0
1376048,4.0,4.0
1376050,4.0,4.0
1376131,2.0,3.0
1376137,3.0,3.0
1376179,3.0,4.0
1376204,0.0,0.0
1376259,2.0,3.0
1376260,4.0,4.0
1376261,5.0,4.0
1376265,5.0,5.0
1376267,4.0,4.0
1376349,2.0,3.0
1377488,1.0,3.0
1377489,4.0,4.0
1377502,3.0,3.0
1377509,3.0,3.0
1377536,2.0,3.0
1377538,3.0,4.0
1377547,3.0,3.0
1377572,5.0,4.0
1377590,4.0,4.0
1377591,5.0,5.0
1377614,3.0,0.0
1378842,5.0,4.0
1378875,4.0,4.0
1378999,2.0,4.0
1379275,4.0,4.0
1379291,4.0,4.0
1379294,4.0,4.0
1382554,3.0,4.0
1382579,3.0,3.0
1382664,3.0,3.0
1382749,4.0,3.0
1382951,2.0,0.0
1383082,3.0,4.0
1383124,4.0,4.0
1383125,4.0,4.0
1383492,3.0,3.0
1386426,4.0,3.0
1387235,2.0,3.0
1388352,2.0,3.0
1388356,2.0,4.0
1389827,4.0,3.0
1390496,3.0,3.0
1395909,3.0,4.0
1395932,4.0,4.0
1395994,3.0,3.0
1396245,5.0,4.0
1396686,2.0,4.0
1399012,3.0,4.0
1399241,3.0,3.0
1399536,2.0,3.0
1399546,4.0,4.0
1399733,3.0,2.0
1399738,2.0,3.0
1399848,3.0,3.0
1400199,3.0,3.0
1400668,4.0,4.0
1400718,4.0,4.0
1400719,4.0,4.0
1401138,3.0,3.0
1403536,4.0,4.0
1403609,3.0,3.0
1403893,4.0,4.0
1404021,3.0,3.0
1404068,2.0,3.0
1404084,3.0,3.0
1404085,3.0,3.0
1404086,3.0,3.0
1404094,3.0,2.0
1404236,3.0,3.0
1404237,3.0,4.0
1404253,4.0,4.0
1404254,4.0,4.0
1404304,5.0,4.0
1404321,2.0,4.0
1404408,1.0,3.0
1404585,1.0,2.0
1404853,5.0,4.0
1405006,4.0,4.0
1405320,4.0,4.0
1405574,0.0,0.0
1405629,1.0,3.0
1405659,3.0,3.0
1409703,3.0,4.0
1414995,4.0,4.0
1415487,3.0,3.0
1417984,3.0,0.0
1419552,3.0,4.0
1419616,4.0,4.0
1419627,3.0,3.0
1419673,4.0,4.0
1419756,3.0,4.0
1419776,4.0,4.0
1419832,4.0,4.0
1419837,3.0,3.0
1419849,2.0,3.0
1419853,3.0,3.0
1419856,3.0,3.0
1419858,2.0,3.0
1419860,4.0,4.0
1419884,3.0,3.0
1419907,5.0,4.0
1420072,3.0,3.0
1420238,4.0,4.0
1420258,2.0,3.0
1420608,4.0,5.0
1420636,3.0,4.0
1420637,4.0,4.0
1420646,4.0,4.0
1420648,4.0,4.0
1421313,3.0,4.0
1421316,5.0,4.0
1421322,5.0,4.0
1421414,5.0,5.0
1425215,3.0,0.0
1425301,1.0,3.0
1427034,2.0,3.0
1427035,2.0,3.0
1427036,2.0,3.0
1427038,1.0,2.0
1427039,2.0,2.0
1427407,2.0,3.0
1427466,4.0,5.0
1427469,2.0,0.0
1427491,5.0,4.0
1427492,4.0,4.0
1427683,4.0,3.0
1428280,3.0,0.0
1428321,2.0,4.0
1428361,5.0,4.0
1430231,3.0,3.0
1430245,2.0,3.0
1430478,3.0,3.0
1430649,3.0,3.0
1431238,3.0,3.0
1431245,3.0,3.0
1436021,2.0,4.0
1438181,4.0,4.0
1438348,4.0,3.0
1438376,0.0,0.0
1438391,2.0,3.0
1438415,3.0,4.0
1438615,2.0,0.0
1441206,4.0,4.0
1441524,3.0,3.0
1441525,3.0,2.0
1441526,3.0,3.0
1441602,4.0,3.0
1441848,4.0,4.0
1442003,2.0,3.0
1442009,2.0,2.0
1442010,3.0,4.0
1442014,2.0,3.0
1442016,3.0,3.0
1442020,3.0,3.0
1442024,2.0,3.0
1442025,2.0,3.0
1442027,2.0,3.0
1442028,2.0,3.0
1442030,2.0,3.0
1442103,3.0,3.0
1442119,3.0,3.0
1442656,4.0,4.0
1442893,4.0,3.0
1442894,3.0,3.0
1443285,3.0,4.0
1443506,4.0,4.0
1443824,3.0,3.0
1445259,5.0,4.0
1445314,5.0,4.0
1445320,4.0,4.0
1445321,5.0,4.0
1445322,4.0,4.0
1445323,4.0,4.0
1445324,3.0,3.0
1445343,0.0,0.0
1445834,5.0,5.0
1445881,4.0,4.0
1445887,5.0,5.0
1446544,3.0,3.0
1446760,4.0,3.0
1450989,4.0,4.0
1451148,2.0,3.0
1451895,3.0,3.0
1452069,4.0,4.0
1452469,1.0,2.0
1452762,4.0,0.0
1453483,3.0,0.0
1453490,2.0,3.0
1454054,3.0,3.0
1454616,2.0,3.0
1454631,2.0,3.0
1454791,5.0,4.0
1455263,4.0,4.0
1457087,5.0,5.0
1457112,2.0,3.0
1457113,3.0,3.0
1457140,3.0,3.0
1457164,2.0,2.0
1457192,2.0,3.0
1457193,2.0,3.0
1457268,3.0,3.0
1457276,3.0,4.0
1457293,4.0,3.0
1457344,4.0,3.0
1457365,4.0,4.0
1457495,2.0,3.0
1457499,3.0,3.0
1457500,4.0,4.0
1457515,4.0,4.0
1458011,4.0,3.0
1458085,4.0,3.0
1458091,3.0,3.0
1458102,3.0,3.0
1458140,4.0,4.0
1465805,0.0,3.0
1468231,4.0,4.0
1473094,2.0,3.0
1474144,4.0,3.0
1475096,4.0,4.0
1475623,5.0,4.0
1480103,3.0,3.0
1481722,2.0,3.0
1483540,4.0,4.0
1483743,4.0,4.0
1483827,4.0,3.0
1483828,4.0,3.0
1483835,4.0,3.0
1484420,4.0,4.0
1486977,4.0,4.0
1487493,0.0,4.0
1488242,3.0,4.0
1489933,3.0,4.0
1492144,2.0,3.0
1512308,3.0,3.0
1515686,4.0,4.0
1516681,4.0,3.0
1516954,4.0,4.0
1517704,2.0,0.0
1518696,2.0,3.0
1518703,1.0,3.0
1518705,3.0,4.0
1519156,2.0,2.0
1519716,4.0,3.0
1522133,4.0,3.0
1525967,4.0,3.0
1526170,3.0,3.0
1533815,2.0,3.0
1536438,3.0,3.0
1537667,5.0,4.0
1542825,3.0,4.0
1547879,0.0,0.0
1547967,4.0,4.0
1550073,5.0,5.0
1555929,3.0,4.0
1572361,3.0,4.0
1572363,2.0,3.0
1573319,2.0,2.0
1576625,3.0,3.0
1605989,3.0,2.0
1610725,4.0,3.0
2500068,0.0,0.0
5000057,4.0,4.0
5000071,4.0,4.0
5000072,2.0,4.0
5000075,4.0,5.0
5000076,3.0,4.0
5000093,2.0,3.0
5000094,1.0,3.0
5000132,4.0,4.0
5000135,3.0,3.0
5000136,3.0,3.0
5000138,2.0,3.0
5000139,3.0,3.0
5000141,3.0,3.0
5000142,2.0,3.0
5000143,3.0,3.0
5000144,4.0,4.0
5000146,2.0,3.0
5000147,4.0,3.0
5000148,1.0,3.0
5000324,3.0,4.0
5000356,3.0,4.0
5000371,4.0,4.0
5000372,3.0,4.0
5000376,4.0,4.0
5000381,4.0,4.0
5000382,3.0,4.0
5000383,4.0,4.0
5000384,4.0,4.0
5000385,4.0,4.0
5000386,2.0,3.0
5000388,3.0,4.0
5000389,3.0,4.0
5000390,4.0,4.0
5000391,4.0,4.0
5000396,3.0,4.0
5000397,3.0,4.0
5000398,4.0,4.0
5000399,3.0,4.0
5000400,4.0,4.0
5000401,3.0,4.0
5000402,4.0,4.0
5000403,4.0,4.0
5000404,3.0,4.0
5000405,3.0,4.0
5000406,3.0,4.0
5000407,4.0,4.0
5000408,3.0,4.0
5000409,4.0,4.0
5000410,3.0,4.0
5000411,4.0,4.0
5000472,4.0,2.0
5000473,4.0,4.0
5000475,2.0,3.0
5000476,3.0,3.0
5000478,5.0,4.0
5000480,3.0,3.0
5000487,2.0,3.0
5000491,2.0,3.0
5000492,2.0,3.0
5000493,2.0,3.0
5000539,4.0,3.0
5000540,4.0,4.0
5000544,2.0,3.0
5000546,3.0,4.0
5000547,2.0,2.0
5000548,4.0,4.0
5000568,2.0,3.0
5000574,2.0,3.0
5000575,3.0,4.0
5000576,3.0,3.0
5000578,2.0,3.0
5000691,3.0,3.0
5000731,4.0,4.0
5000802,3.0,3.0
5000884,4.0,3.0
5000897,2.0,3.0
5000898,3.0,4.0
5000899,4.0,4.0
5000912,2.0,4.0
5000921,3.0,3.0
5000960,5.0,4.0
5000969,4.0,4.0
5001021,2.0,3.0
5001082,1.0,0.0
5001091,4.0,4.0
5001101,3.0,3.0
5001167,4.0,4.0
5001168,4.0,3.0
5001241,4.0,4.0
5001246,3.0,3.0
5001248,4.0,3.0
5001280,4.0,3.0
5001281,5.0,4.0
5001282,3.0,3.0
5001283,4.0,4.0
5001291,4.0,2.0
5001292,3.0,4.0
5001337,2.0,3.0
5001343,3.0,3.0
5001356,5.0,4.0
5001360,3.0,2.0
5001415,4.0,3.0
5001430,4.0,3.0
5001434,5.0,3.0
5001541,5.0,4.0
